episode,time_alive,reward,loss,time_smooth,reward_smooth,loss_smooth
1,25.959877014160156,4.9249926,0.1830861121416092,25.959877014160156,4.924992561340332,0.1830861121416092
2,21.89667534828186,10.064983,0.363243043422699,23.92827618122101,7.494987964630127,0.2731645777821541
3,12.604781150817871,3.489997,0.2240513265132904,20.153777837753296,6.159990946451823,0.2567934940258662
4,2.330958604812622,-5.0,0.20233139395713806,15.698073029518127,3.369993209838867,0.24317796900868416
5,12.654484987258911,4.1749973,0.08847463130950928,15.089355421066283,3.5309940338134767,0.21223730146884917
6,2.3479011058807373,-5.0,0.1944788694381714,12.965779701868692,2.109161694844564,0.20927756279706955
7,14.42015266418457,3.7949963,0.19360405206680298,13.173547267913818,2.3499952043805803,0.20703848983560288
8,22.245941877365112,9.114986,0.2332942932844162,14.30759659409523,3.1956191062927246,0.21032046526670456
9,14.985207557678223,4.7899942,0.1166272759437561,14.382886701160007,3.372771898905436,0.19991011089748806
10,10.390700340270996,0.8049984,0.18224000930786133,13.983668065071106,3.1159945487976075,0.1981431007385254
11,12.021691083908081,2.2749972,0.22701510787010193,13.805306521329014,3.039540247483687,0.2007678286595778
12,22.079649448394775,11.004982,0.15986768901348114,14.494835098584494,3.7033270597457886,0.19735948368906975
13,19.098845958709717,8.249988,0.074412502348423,14.848989780132587,4.053070178398719,0.18790202358594307
14,22.313709497451782,11.084984,0.21032139658927917,15.382184045655388,4.555349724633353,0.18950340737189567
15,19.113866329193115,8.689987,0.1744188666343689,15.630962864557903,4.830992221832275,0.18849777132272721
16,22.112562894821167,10.239985,0.08651341497898102,16.036062866449356,5.169054299592972,0.18212374905124307
17,17.750235557556152,9.414987,0.2625868022441864,16.13689655416152,5.418815023758832,0.18685686982729854
18,2.3477933406829834,-5.0,0.1774066686630249,15.370835264523825,4.839991966883342,0.1863318586515056
19,10.890037059783936,1.8449969,0.22193267941474915,15.13500378006383,4.682360649108887,0.18820558606009735
20,22.261816024780273,11.189983,0.23322534561157227,15.491344392299652,5.007741785049438,0.19045657403767108
21,12.754800796508789,3.1699963,0.1665789932012558,15.361032792500087,4.92023009345645,0.18931954637879417
22,14.968775987625122,4.3799934,0.07023277133703232,15.343202937733043,4.895673881877553,0.18390651114962317
23,19.132147789001465,8.489987,0.16501657664775848,15.507939670396889,5.051948381506878,0.1830852096495421
24,16.335017919540405,5.64999,0.18990910053253174,15.5424012641112,5.076866785685222,0.18336953843633333
25,20.098379135131836,9.264986,0.2248062789440155,15.724640378952026,5.244391555786133,0.18502700805664063
26,10.306734561920166,0.7249985,0.10645121335983276,15.516259385989262,5.070568744952862,0.1820048621067634
27,10.156920909881592,2.6549973,0.15379595756530762,15.317765368355644,4.9811031376874,0.18096008786448725
28,2.3810982704162598,-5.0,0.0,14.855741543429238,4.6246351684842795,0.17449722758361272
29,6.344557523727417,-2.9799998,0.07591274380683899,14.56225243930159,4.362406377134652,0.17109776262579293
30,7.976112604141235,-1.365001,0.16254618763923645,14.342714444796245,4.171492799123128,0.17081271012624105
31,10.373008966445923,0.5849991,0.4398996829986572,13.823152176539104,4.026826349894206,0.17937316248814264
32,6.427186489105225,-2.6,0.1826559156179428,13.307502547899881,3.604660240809123,0.17335359156131744
33,6.377489328384399,-2.93,0.1890615075826645,13.099926153818766,3.3906603415807086,0.1721872642636299
34,14.388473987579346,4.1799946,0.3138759136199951,13.501843333244324,3.6966601610183716,0.17590541491905848
35,10.755175113677979,2.784997,0.1202937439084053,13.43853300412496,3.6503268162409466,0.17696605200568835
36,2.3304824829101562,-5.0,0.15704989433288574,13.437952383359272,3.6503268162409466,0.17571841950217884
37,6.443886756896973,-2.57,0.1823277473449707,13.172076853116353,3.438160276412964,0.17534254267811775
38,12.954037189483643,2.1100016,0.160624697804451,12.862346696853638,3.2046607812245687,0.17292022282878558
39,15.036058902740479,4.989994,0.2792832851409912,12.864041741689046,3.2113274415334065,0.17834208980202676
40,9.241961002349854,1.9449978,0.4270073175430298,12.825750430425009,3.2493274211883545,0.18650100007653236
41,2.313427448272705,-5.0,0.64002525806427,12.502141642570496,3.0068275133768716,0.20026800508300463
42,19.963796615600586,10.684983,0.06565474718809128,12.431613214810689,2.996160888671875,0.19712757368882497
43,2.3689534664154053,-5.0,0.06565474718809128,11.873950131734212,2.5544946352640787,0.19683564851681393
44,8.255496978759766,-0.95000124,0.633637547492981,11.405343047777812,2.153328466415405,0.21094618688027064
45,6.477535009384155,-2.555,0.1590416580438614,10.984132003784179,1.7784955581029256,0.21043361326058704
46,14.902913808822632,4.619996,0.20702055096626282,10.743810367584228,1.5911625782648722,0.21445051779349644
47,12.487675905227661,3.034997,0.5139572024345398,10.568391712506612,1.3784962574640909,0.22282953113317489
48,6.410803556442261,-2.3300002,0.15821750462055206,10.703825386365255,1.4674962520599366,0.22218989233175915
49,14.388236999511719,4.044997,0.15890952944755554,10.820432051022847,1.540829594930013,0.22008912066618602
50,14.467966079711914,4.1749945,0.16234563291072845,10.560637052853902,1.3069966316223145,0.21772646357615788
51,16.31861114501953,5.6299915,0.09129436314105988,10.679430731137593,1.3889964739481608,0.2152169759074847
52,14.402620792388916,4.699994,0.22553901374340057,10.660558891296386,1.3996631622314453,0.22039385065436362
53,16.384318828582764,5.819992,0.305161714553833,10.568964592615764,1.3106633186340333,0.22506535525123278
54,7.627924203872681,-1.5800009,0.18387070298194885,10.278728135426839,1.0696636199951173,0.22486407533288003
55,22.594547271728516,10.654983,0.1502162665128708,10.361933739980062,1.1159968376159668,0.2223777415851752
56,21.978736400604248,10.284982,0.31171151995658875,10.751000467936198,1.434662946065267,0.22921975180506707
57,20.082085609436035,9.654984,0.40159064531326294,11.08183929125468,1.667995850245158,0.2374795747299989
58,20.3977370262146,11.904985,0.16509871184825897,11.682393916447957,2.2314953645070394,0.24298286512494088
59,2.330678701400757,-5.0,0.1749986857175827,11.548597955703736,2.164162023862203,0.246285729855299
60,22.594507932662964,11.464983,0.21484018862247467,12.035877799987793,2.591828155517578,0.24802886322140694
61,22.345829010009766,10.394981,0.23637844622135162,12.434971801439922,2.9188275655110676,0.24124482199549674
62,19.681819200515747,11.439983,0.08552207052707672,12.876792891820271,3.386827007929484,0.23800702715913455
63,2.3316287994384766,-5.0,0.09600771218538284,12.741930874188741,3.317827010154724,0.23490523397922516
64,22.495296001434326,11.224981,0.10648305714130402,13.012158274650574,3.5526599009831745,0.2279921387632688
65,8.025805473327637,-1.4050012,0.1976543515920639,12.921179286638896,3.412993295987447,0.2305708256860574
66,13.687020063400269,3.2599974,0.1294100284576416,13.2997305393219,3.6883265415827435,0.22964949682354927
67,14.403143167495728,4.119994,0.14368338882923126,13.565039086341859,3.9113263448079425,0.22836135153969128
68,12.622220754623413,4.479995,0.12417236715555191,13.553978538513183,3.9903261184692385,0.22714627385139466
69,2.3302297592163086,-5.0,0.11956071853637695,13.130450900395711,3.657326316833496,0.2218221882979075
70,22.828688383102417,10.299985,0.09029626101255417,13.583341813087463,3.935825888315837,0.21059848641355833
71,12.089962720870972,2.2749972,0.18790587782859802,13.909226322174073,4.17832579612732,0.1955278404057026
72,8.307597875595093,-0.92500114,0.3897491693496704,13.520686364173889,3.791326316197713,0.20633098781108855
73,12.60442066192627,3.949995,0.1018342450261116,13.86186860402425,4.089659484227498,0.2075369710723559
74,2.331685781478882,-5.0,0.16030320525169373,13.664408230781556,3.9546595255533856,0.191759159664313
75,12.65490174293518,4.5099945,0.07346182316541672,13.870320455233257,4.190159344673157,0.1889064985016982
76,2.3302674293518066,-5.0,0.3180956244468689,13.45123224258423,3.8694928089777627,0.1926090009510517
77,20.46477174758911,9.629984,0.15894730389118195,13.71713543732961,4.0893257061640425,0.18077533766627313
78,22.261693477630615,10.579985,0.2050597220659256,14.245498434702556,4.5196585337320965,0.18233674491445223
79,11.973253965377808,1.9049969,0.14133867621421814,14.164999000231425,4.448325188954671,0.1817510498066743
80,8.225475788116455,-1.2050009,0.3507734537124634,13.956915990511577,4.26899201075236,0.18803197716673214
81,22.647872924804688,11.974985,0.33950531482696533,14.167891383171082,4.4804917971293134,0.19630567555626233
82,12.085987329483032,2.7599964,0.28272512555122375,14.090670267740885,4.415825208028157,0.19821187928318978
83,13.555678606033325,3.7949972,0.24254882335662842,13.996382260322571,4.348325379689535,0.1961247829099496
84,22.344261646270752,10.144981,0.07736404240131378,14.48692684173584,4.739158121744792,0.19257456089059513
85,20.047901391983032,9.3249855,0.15167871117591858,14.402038645744323,4.694824886322022,0.19262330904603003
86,20.164148330688477,10.884983,0.1837754100561142,14.341552376747131,4.714824930826823,0.18835877204934756
87,2.3316988945007324,-5.0,0.41153568029403687,13.749872819582622,4.2263254483540855,0.18869027321537335
88,6.393192768096924,-2.665,0.15547914803028107,13.283054677645366,3.7406592686971027,0.18836962108810743
89,10.523856163024902,2.6699986,0.4760298430919647,13.556160593032837,3.996325890223185,0.19840399300058684
90,2.298346519470215,-5.0,0.4760298430919647,12.879621879259746,3.4474931240081785,0.20711031481623648
91,6.409497976303101,-2.4250004,0.36918148398399353,12.348410844802856,3.0201603968938193,0.2115370827416579
92,22.196059942245483,10.909984,0.25635913014411926,12.432218869527182,3.002493739128113,0.2172316513955593
93,6.361785888671875,-2.5550003,0.20757199823856354,12.566557439168294,3.0839937289555865,0.22095046093066534
94,7.69177508354187,-1.2800007,0.10894866287708282,12.073106741905212,2.66716099580129,0.22103264778852463
95,13.221598863601685,4.909994,0.09859656542539597,12.246299854914348,2.8776608387629192,0.21773072158296902
96,2.3635125160217285,-5.0,0.0,11.868849603335063,2.602327593167623,0.21341705396771432
97,14.953254699707031,4.279993,0.12542414665222168,11.887186654408772,2.6076608896255493,0.212808412561814
98,21.92936420440674,9.849984,0.28073400259017944,12.19742476940155,2.7866605361302694,0.21802713374296825
99,14.402690649032593,4.619996,0.132914200425148,12.599840132395427,3.1073270718256634,0.21847224980592728
100,22.145846366882324,10.559984,0.3260294497013092,12.577078731854757,3.1159937143325807,0.2263300227622191
101,22.179307460784912,11.359983,0.26669251918792725,12.913390223185221,3.4188265879948934,0.2289562441408634
102,8.97456407546997,-0.33500051,0.23171012103557587,12.935622429847717,3.438493275642395,0.22368827586372694
103,22.663063764572144,10.714983,0.20544543862342834,13.270910533269246,3.6639928738276164,0.22714198231697083
104,20.146942615509033,9.444985,0.2068433165550232,13.864752427736919,4.145492386817932,0.22869331936041515
105,3.7665412425994873,-2.2700002,0.10966943204402924,13.568473744392396,3.919492562611898,0.22990023965636888
106,2.6613805294036865,-4.775,0.2104816883802414,13.579510847727457,3.9269925594329833,0.22631310845414798
107,11.25522494316101,3.0049973,0.14922372996807098,13.272525954246522,3.7061596711476645,0.2259889893233776
108,2.3146960735321045,-5.0,0.16904723644256592,12.607626040776571,3.1868268489837646,0.22478857313593228
109,8.04297947883606,-0.060002327,0.1558922678232193,12.476616891225179,3.1213268756866457,0.22527369285623233
110,2.314511775970459,-5.0,0.09086686372756958,12.27958475748698,2.994826904932658,0.21661013985673586
111,22.69509220123291,8.839987,0.11642008274793625,12.28115873336792,2.890326960881551,0.20917396545410155
112,13.63677453994751,3.6649961,0.16577932238578796,12.332851640383403,2.9204936186472574,0.2052757720152537
113,14.43593168258667,3.4799938,0.06270162761211395,12.362193409601847,2.9099935054779054,0.19928086549043655
114,14.987294435501099,3.6099958,0.0798594206571579,12.11696116924286,2.692160654067993,0.19936404476563135
115,13.952874183654785,5.4199934,0.2683429718017578,11.913793595631917,2.5619942506154376,0.20325285345315933
116,2.331611394882202,-5.0,0.33198779821395874,11.319375697771708,2.032494815190633,0.20819326639175414
117,4.062887907028198,-2.3550003,0.16574351489543915,11.37708199818929,2.120661473274231,0.2000001942118009
118,2.314725875854492,-4.92,0.22457614541053772,11.241133101781209,2.045494802792867,0.20230342745780944
119,4.795881032943726,-2.5300012,0.13787589967250824,11.050200597445171,1.8721614758173624,0.19103162934382756
120,3.7289011478424072,-4.97,0.11490137875080109,11.097885751724244,1.8731614828109742,0.17899401386578878
121,13.636823892593384,3.3949966,0.3756774961948395,11.338796615600586,2.0671613852183026,0.17921054760615032
122,16.768449068069458,8.069986,0.19187171757221222,11.157876253128052,1.9724948088328043,0.17706096718708675
123,2.3141942024230957,-4.92,0.3192870318889618,11.022956530253092,1.8936614831288656,0.1807848016421
124,20.248843908309937,9.349988,0.06913469731807709,11.441525491078695,2.2479944388071695,0.17945766945679983
125,7.825188875198364,-1.4950008,0.10894588381052017,11.261645158131918,2.0344946066538494,0.17980264673630397
126,12.021804571151733,2.0599985,0.04095832630991936,11.58358822663625,2.269827890396118,0.18116792427996795
127,4.080023288726807,-2.1750002,0.44850966334342957,11.221147179603577,2.05466144879659,0.1919374415030082
128,2.330961227416992,-5.0,0.2739810347557068,10.567867080370585,1.5596619764963786,0.19171234257519246
129,13.620094299316406,3.2949944,0.13257357478141785,10.541780535380045,1.5154952526092529,0.19170098838706812
130,22.029693126678467,10.189986,0.22936059534549713,10.537908760706584,1.5031619866689045,0.18847869324187438
131,12.088615417480469,4.0499945,0.1694069504737854,10.201552359263102,1.2594956874847412,0.18523584095140297
132,2.330535888671875,-5.0,0.11848017573356628,9.980084753036499,1.1039957046508788,0.181461509441336
133,14.003286123275757,4.079997,0.16246622800827026,9.69142549832662,0.882829507191976,0.1800288690874974
134,2.331048011779785,-5.0,0.1019839197397232,9.097562344868978,0.40132999420166016,0.17653355586032074
135,22.84546399116516,10.634982,0.20746669173240662,9.733526436487834,0.8314960718154907,0.17979346451659997
136,19.61509919166565,9.784985,0.37738919258117676,10.298650391896565,1.3168288946151734,0.1853570479899645
137,2.314817428588867,-5.0,0.37738919258117676,10.000636808077495,1.0499956528345744,0.19296256341040136
138,14.986300706863403,4.314996,0.20258718729019165,10.423023629188538,1.3604955116907755,0.19408056177198887
139,12.222750663757324,4.704995,0.1964218020439148,10.56234933535258,1.519328761100769,0.19543154624601206
140,3.595433235168457,-4.855,0.27427828311920166,10.605046717325846,1.5241620937983196,0.20154526022573313
141,14.352380275726318,4.2649946,0.14270421862602234,10.32695631980896,1.3716623544692994,0.20242139808833598
142,15.019439220428467,4.9149933,0.13711519539356232,10.373045142491659,1.4133289257685344,0.20146592718859513
143,21.75194239616394,10.394986,0.1156388372182846,10.616912166277567,1.6438286701838176,0.20323050084213415
144,4.906160831451416,-2.3850005,0.3639541566371918,10.280874379475911,1.443995459874471,0.21270032537480196
145,2.365445137023926,-5.0,0.3639541566371918,9.894626744588216,1.0966623465220133,0.21588736486931642
146,6.026731252670288,-0.77500105,0.07019215077161789,10.017797406514486,1.2374956448872885,0.20716084328790504
147,2.331700325012207,-5.0,0.12388504296541214,9.960091153780619,1.1493289868036907,0.20576556089023748
148,22.978121042251587,10.984981,0.10184509307146072,10.648870992660523,1.6794950087865195,0.20167452581226825
149,15.735117673873901,4.904995,0.31638261675834656,11.013512214024862,1.9273282130559286,0.20762474971512954
150,22.27866005897522,9.924986,0.21135155856609344,11.631837511062622,2.4238277355829876,0.21083975570897262
151,12.505844354629517,4.2649946,0.14195238053798676,11.594138193130494,2.4528276681900025,0.20304891852041085
152,2.330613851547241,-5.0,0.43646058440208435,11.112877019246419,2.0171614567438763,0.21120188074807325
153,22.315545558929443,11.229984,0.3236403167247772,11.779588731129964,2.55549426873525,0.21134699024260045
154,22.376272201538086,10.884985,0.20041565597057343,11.850503007570902,2.606660834948222,0.21572302219768366
155,16.301640510559082,5.609992,0.2568412125110626,12.13305139541626,2.843493930498759,0.22065286648770174
156,22.045727014541626,11.084986,0.12145213782787323,12.467182143529255,3.144326837857564,0.2233359935383002
157,22.228755950927734,11.094984,0.33899447321891785,13.072139898935953,3.586659646034241,0.21968548720081646
158,13.104336023330688,2.009996,0.2041628509759903,13.431252392133077,3.8203261772791546,0.21735821440815925
159,6.161048650741577,-0.5350013,0.16530010104179382,13.182617537180583,3.6926596562067666,0.21844909861683845
160,2.347217559814453,-5.0,0.41385775804519653,12.526535018285115,3.186326781908671,0.22459900404016178
161,5.279852390289307,-2.5800009,0.29162800312042236,12.299576250712077,2.965326937039693,0.228673039128383
162,2.313445568084717,-4.92,0.1891174167394638,12.299006573359172,2.9679936011632284,0.2310276138285796
163,14.453938484191895,3.0249968,0.1309623122215271,12.314028318723043,2.9328269243240355,0.22997748330235482
164,12.486372232437134,2.9949975,0.1514270305633545,12.652539126078288,3.199326841036479,0.23162558699647587
165,8.193592548370361,-2.125001,0.11346954852342606,12.164143411318461,2.7739940722783407,0.22849234888950984
166,19.931231021881104,9.784983,0.1467585414648056,12.174681138992309,2.7739940087000527,0.22080466051896414
167,2.331843376159668,-5.0,0.23732170462608337,12.175248670578004,2.7739940087000527,0.21613574425379437
168,19.631643056869507,9.609984,0.056625254452228546,12.330093415578206,2.9504936297734576,0.2112703464925289
169,2.315073013305664,-4.92,0.08837859332561493,11.999837493896484,2.629660455385844,0.2076689062019189
170,19.99648356437683,10.224982,0.30737170577049255,12.546539171536763,3.132326531410217,0.2087720202902953
171,2.306081533432007,-5.0,0.30737170577049255,12.144995880126952,2.8234933773676554,0.2142609365284443
172,8.885100364685059,-0.3249998,0.1503600925207138,11.94051791826884,2.6488269408543905,0.21470243309934933
173,9.707993745803833,2.3549972,0.18053485453128815,11.539052963256836,2.380827307701111,0.21686563367644945
174,2.3289248943328857,-5.0,0.1565452218055725,11.453145098686218,2.2936606566111246,0.20995200251539547
175,14.372381687164307,3.2599964,0.06721118092536926,11.853376317024232,2.5689938704172772,0.20006056999166807
176,16.316131353378296,6.224992,0.18371866643428802,12.196356320381165,2.802326965332031,0.20384478718042373
177,21.97832226753235,11.519989,0.11959480494260788,12.851243718465168,3.3529932657877604,0.20370177924633026
178,19.699398279190063,9.869986,0.10292751342058182,12.741952959696452,3.3158267656962077,0.2037378599246343
179,2.2806637287139893,-5.0,0.10292751342058182,12.293471161524455,2.985660266876221,0.19662268981337547
180,20.23083472251892,10.504982,0.2885214388370514,12.225210316975911,3.004993470509847,0.19919501915574073
181,2.3145227432250977,-4.92,0.06841378659009933,11.885499596595764,2.6988269805908205,0.19674373269081116
182,22.29627799987793,10.114982,0.3674517571926117,12.551021734873453,3.2026597023010255,0.19444343845049541
183,21.94742178916931,11.494984,0.3317812383174896,12.538750942548116,3.2114930152893066,0.1947148025035858
184,19.595977067947388,10.984984,0.08587095141410828,12.446074438095092,3.2148263295491537,0.19089664568503698
185,3.3304531574249268,-5.0,0.12332607805728912,12.013701526323954,2.86115992863973,0.18644614120324451
186,13.254652976989746,5.2649927,0.08897128701210022,11.720665725072225,2.667160161336263,0.1853634461760521
187,2.3151655197143555,-4.92,0.1723290979862213,11.056879377365112,2.133327356974284,0.17980793366829553
188,21.978527784347534,11.329983,0.19635805487632751,11.352685769399008,2.443993584314982,0.17954777379830678
189,13.61993145942688,3.699996,0.12462075799703598,11.601315196355184,2.585160160064697,0.17819179569681484
190,14.419656753540039,4.3399944,0.08349757641553879,12.003729836146038,2.8964933077494304,0.16717978964249294
191,19.73210382461548,9.484984,0.0849113017320633,12.485471550623576,3.2986594835917153,0.16028923292954764
192,2.3147528171539307,-4.92,0.14060845971107483,12.48551512559255,3.2986594835917153,0.158672267695268
193,6.527076005935669,-0.47000122,0.14697888493537903,12.221286376317343,3.1821595509847005,0.1592061534523964
194,2.3143863677978516,-4.92,0.06482254713773727,11.882220180829366,2.9183262983957925,0.15631933733820916
195,15.218817949295044,3.3099976,0.1921566128730774,12.11639436086019,3.099492915471395,0.15894223948319752
196,11.306448221206665,3.574997,0.24929605424404144,11.828901600837707,2.892493391036987,0.16236015657583872
197,2.3313961029052734,-5.0,0.29528456926345825,11.828886691729227,2.892493391036987,0.16429225206375123
198,14.369254350662231,4.774993,0.23489129543304443,11.653473734855652,2.73132700920105,0.17023445342977842
199,13.121549844741821,3.404996,0.08311502635478973,12.013689629236858,3.0088268756866454,0.17005900119741757
200,12.055378675460815,3.6699953,0.15898002684116364,11.748986132939656,2.790327310562134,0.16511261189977328
201,2.3310375213623047,-5.0,0.5221966505050659,11.749817999204,2.790327310562134,0.17227344339092573
202,22.262197494506836,11.224985,0.23631444573402405,12.195721236864726,3.1753268082936605,0.17513858849803607
203,10.756206274032593,3.3149967,0.1188521534204483,12.230661654472351,3.207326793670654,0.17308249846100807
204,2.315200090408325,-5.0,0.37798503041267395,12.2302041610082,3.207326793670654,0.18046382541457812
205,11.306570291519165,4.0549946,0.19300805032253265,12.128010447820028,3.233826732635498,0.18465705439448357
206,2.3298890590667725,-5.0,0.273311972618103,11.661802371342977,2.859660339355469,0.18764349793394405
207,14.40370798110962,4.4599953,0.37100133299827576,11.40931522846222,2.624327214558919,0.19602371553579967
208,22.262695789337158,11.204983,0.07026257365942001,11.494758478800456,2.6688271204630536,0.1949348842104276
209,14.435604095458984,4.744994,0.4972059726715088,11.899923157691955,2.993660259246826,0.20807749951879184
210,17.849327325820923,9.424986,0.10259407758712769,11.820539577802021,2.9576603889465334,0.20187992081046105
211,2.3153858184814453,-5.0,0.10220137983560562,11.820568346977234,2.954993724822998,0.2030061739186446
212,14.453423738479614,4.8399935,0.29743492603302,11.55913987159729,2.7791607856750487,0.2006722795466582
213,26.442102909088135,15.004986,0.3252447247505188,11.708962575594585,2.896160856882731,0.2004543957610925
214,22.29483985900879,11.534985,0.11238987743854523,11.798924668629963,2.914494196573893,0.20133835996190708
215,21.764134645462036,10.864983,0.37943994998931885,12.4133807182312,3.443326950073242,0.20987548902630807
216,16.550025463104248,5.734995,0.13101385533809662,12.523226467768351,3.458993689219157,0.21127690797050794
217,8.549731969833374,-0.58500147,0.15353772044181824,12.731045349438984,3.603493642807007,0.21065052871902784
218,19.673882246017456,11.124985,0.3592754006385803,12.65422383149465,3.5966603755950928,0.21608110691110294
219,2.314143419265747,-4.92,0.2743697166442871,12.277364230155944,3.309327173233032,0.2210727388660113
220,20.497811317443848,11.654987,0.14373889565467834,12.479969382286072,3.5531602700551352,0.22308078284064928
221,2.3479132652282715,-5.0,0.3338487148284912,11.900496363639832,3.0703274567921954,0.2313786966105302
222,12.071708917617798,4.6749935,0.29836151003837585,12.225728233655294,3.390160576502482,0.23663713162144026
223,2.330583333969116,-5.0,0.13479594886302948,12.085845144589742,3.2391606171925864,0.23623103375236193
224,9.25846266746521,2.3749967,0.1708032786846161,12.317314354578654,3.482327175140381,0.23976372480392455
225,2.3312246799468994,-5.0,0.3295862078666687,11.88772791226705,3.2053272565205893,0.24434471130371094
226,12.089192867279053,4.824993,0.07343965768814087,11.913819400469462,3.2469937960306803,0.23848283141851426
227,2.330389976501465,-5.0,0.1429390013217926,11.91378586292267,3.2469937960306803,0.23340464582045872
228,19.648746728897095,10.959985,0.2111266553401947,12.089768942197164,3.4531601905822753,0.23261249115069707
229,2.3143672943115234,-4.92,0.1100480929017067,11.729529523849488,3.17566032409668,0.2335102600355943
230,26.444823503494263,15.159985,0.15975290536880493,12.209177684783935,3.5586599667867023,0.23353602265318235
231,14.449949741363525,4.8749924,0.14680376648902893,12.613141425450642,3.887826379140218,0.22102292651931446
232,22.246609449386597,13.484987,0.103717140853405,12.612621823946634,3.963159783681234,0.21660301635662715
233,2.3297030925750732,-4.92,0.2712382972240448,12.331738384564717,3.688659890492757,0.2216825544834137
234,11.306885719299316,4.2549944,0.08227700740098953,12.631461238861084,3.997159703572591,0.21182562038302422
235,2.3478641510009766,-5.0,0.19395481050014496,12.332837700843811,3.695326550801595,0.2118571790556113
236,20.797531127929688,10.024985,0.24509447813034058,12.948425769805908,4.1961593945821125,0.21091659590601922
237,15.917551040649414,5.5099907,0.12057824432849884,12.998887205123902,4.231159241994222,0.20256915961702665
238,14.920088291168213,5.1299925,0.07324337214231491,12.754133621851603,4.02865956624349,0.20266851956645648
239,13.053657054901123,2.974997,0.07401981204748154,12.708068720499675,3.969659662246704,0.18856231421232222
240,20.33120632171631,9.9499855,0.40483254194259644,12.790798020362853,3.9871596495310464,0.19863692969083785
241,22.27904224395752,11.384983,0.14289206266403198,13.45625323454539,4.533325751622518,0.19999328578511874
242,12.055325031280518,4.409994,0.13371917605400085,13.376316610972086,4.518992439905802,0.19453609411915143
243,2.315270185470581,-4.92,0.11741641163825989,12.572088853518169,3.854826243718465,0.18760848368207614
244,12.67107605934143,5.359992,0.0835149809718132,12.25129672686259,3.648993158340454,0.18664598713318506
245,2.3304407596588135,-5.0,0.0613047294318676,11.603506930669148,3.1201604048411054,0.17604147978127002
246,12.20648741722107,4.684993,0.12881968915462494,11.45872232913971,3.0851603349049888,0.17596834090848765
247,2.513615608215332,-4.92,0.06801249086856842,11.257518450419107,2.9406603813171386,0.17311749992271264
248,22.279270887374878,10.979984,0.08330932259559631,11.344364738464355,2.935827032725016,0.16391863065461318
249,21.779223442077637,11.024982,0.148407444357872,11.993200739224752,3.4673264503479,0.159719888245066
250,6.394852638244629,-2.0500004,0.4112200140953064,11.523102116584777,3.010493524869283,0.1686359255264203
251,14.469227313995361,4.0049944,0.13576027750968933,11.927145918210348,3.3106600046157837,0.16203297761579355
252,22.279488801956177,11.554985,0.17533983290195465,12.267405247688293,3.5399930556615193,0.1579322550445795
253,14.904273748397827,4.9649935,0.1416468471288681,12.686528261502584,3.872159504890442,0.15816061832010747
254,20.012473106384277,11.299982,0.13468188047409058,13.04499527613322,4.1696590185165405,0.15695657171308994
255,2.331601858139038,-5.0,0.12294933199882507,13.045007848739624,4.1696590185165405,0.15006867585082848
256,21.912594318389893,11.249983,0.12131624668836594,13.372454563776651,4.383825341860454,0.15166456215083599
257,17.98707604408264,9.479987,0.06258824467658997,13.89434409936269,4.866491580009461,0.1489862035959959
258,2.3269922733306885,-5.0,0.4215767979621887,13.316952284177145,4.334492087364197,0.15600120835006237
259,16.318251132965088,6.349991,0.11412233114242554,13.783748412132264,4.710158451398214,0.15613701629141966
260,19.980396032333374,11.344984,0.11529958993196487,13.5682674964269,4.582991766929626,0.15465523911019166
261,2.348412036895752,-5.0,0.2982136011123657,13.164882906277974,4.253825354576111,0.15970223359763622
262,6.34421443939209,-2.5200002,0.11304111778736115,12.634803072611492,3.72032577196757,0.16001303282876808
263,12.68697190284729,4.539995,0.10345500707626343,12.980045366287232,4.035658947626749,0.15442025649050872
264,2.299809217453003,-5.0,0.0,12.679809482892354,3.7271591345469157,0.1516776895771424
265,19.180313110351562,8.459988,0.4259386658668518,13.240891114870708,4.1758253892262776,0.15941048475603262
266,14.353473424911499,4.1249924,0.2134753167629242,13.026089191436768,3.979158957799276,0.1583565127104521
267,18.550259590148926,10.574984,0.31173622608184814,13.113846143086752,4.147992054621379,0.16472844543556373
268,2.3150196075439453,-5.0,0.12288586795330048,12.693677186965942,3.8103256384531656,0.1663831952959299
269,14.834729671478271,4.934993,0.21190625429153442,12.75304627418518,3.8756588300069175,0.17097941003739833
270,14.336505651473999,4.8749924,0.05864156410098076,12.553222918510437,3.7064923922220867,0.15943971077601116
271,13.687316656112671,3.7199965,0.17207537591457367,12.266832065582275,3.4509928385416666,0.16041248788436255
272,8.04249095916748,-1.045001,0.07167405635118484,12.133070929845173,3.2691596666971843,0.158344317227602
273,9.075089693069458,-0.32000065,0.24406437575817108,12.358398246765137,3.4224929809570312,0.16256591603159903
274,15.451014041900635,5.804991,0.1664397120475769,12.451062846183778,3.437326272328695,0.1653300737341245
275,10.739941596984863,3.5049953,0.2522466480731964,12.731379540761312,3.7208261171976726,0.17169480435550213
276,2.364391326904297,-5.0,0.0,12.403309671084086,3.3979930241902667,0.16740081471701462
277,21.981276273727417,11.264984,0.1250459849834442,13.052231693267823,3.9374924977620442,0.1693019311875105
278,22.044310808181763,10.714983,0.05045728385448456,13.044399690628051,3.928659121195475,0.16820686322947342
279,14.40302038192749,4.559992,0.19792985916137695,12.798526255289714,3.713159434000651,0.16985761038959027
280,20.365192890167236,11.544981,0.09721842408180237,13.264204263687134,4.166325481732686,0.15939089072247345
281,2.3464438915252686,-5.0,0.1486266553401947,12.86011148293813,3.8661590019861856,0.15981976998349032
282,22.882840156555176,11.359987,0.05910041555762291,12.880223194758097,3.8596590757369995,0.15594512273867925
283,22.99221420288086,11.234983,0.22527310252189636,13.149821209907532,4.068658741315206,0.15873266458511354
284,23.093567609786987,11.904987,0.07556331157684326,13.252524360020955,4.088825583457947,0.15676204562187196
285,14.42034387588501,4.9549923,0.11919423192739487,13.655482427279155,4.420658659934998,0.15663687561949094
286,14.452387571334839,4.3399935,0.13038034737110138,13.406808869043987,4.19032568136851,0.15693901230891547
287,12.07550311088562,3.8449955,0.073316790163517,13.209756437937418,4.002492626508077,0.15729663049181303
288,2.329051971435547,-4.92,0.09041764587163925,13.209825094540914,4.005159290631612,0.1462579920887947
289,17.79920196533203,9.384989,0.11887040734291077,13.259190122286478,4.106325888633728,0.14641626129547755
290,2.331620216369629,-5.0,0.16454921662807465,12.670897595087688,3.56149308681488,0.14805791551868122
291,13.054364919662476,3.2249966,0.08679626882076263,13.02776269117991,3.835659639040629,0.1410106711089611
292,13.653076171875,4.234994,0.15962517261505127,13.271391415596009,4.060826110839844,0.14256347293655078
293,22.012967824935913,10.924983,0.15454283356666565,13.582257946332296,4.273659038543701,0.14426640048623085
294,19.16521668434143,8.399987,0.18444953858852386,14.144438195228577,4.72032527923584,0.15041471843918164
295,12.063851594924927,4.574993,0.22084538638591766,13.907222811381022,4.590825462341309,0.14357827578981716
296,2.294825315475464,-5.0,0.0,13.505267874399822,4.286659049987793,0.1364624318977197
297,20.05888342857361,9.974985,0.16493195295333862,13.555555335680644,4.266659100850423,0.1315689561267694
298,14.403024435043335,4.854993,0.31405436992645264,13.958488829930623,4.595158863067627,0.13794123952587445
299,6.41071343421936,-2.1750002,0.2971743941307068,13.67768828868866,4.358159097035726,0.14078351085384685
300,13.054471015930176,3.654994,0.10139711946249008,13.634953800837199,4.317492485046387,0.14220869603256384
301,22.29661798477173,11.304983,0.15157487988471985,13.921930511792501,4.5703253746032715,0.14152534616490206
302,22.344324827194214,11.304985,0.21245132386684418,14.398658307393392,4.981991577148437,0.14621792174875736
303,19.067034244537354,8.074989,0.15455688536167145,14.731723125775655,5.261824576059977,0.1432343387355407
304,19.73048210144043,11.189985,0.06439697742462158,14.874372061093649,5.441324392954509,0.13983291424810887
305,2.332176446914673,-5.0,0.2511824369430542,14.594113222757976,5.1578245480855305,0.1397974405437708
306,19.947675704956055,10.459983,0.15221264958381653,15.180222702026366,5.6731573104858395,0.144871195529898
307,2.313816785812378,-4.92,0.053188227117061615,14.524640719095865,5.133657836914063,0.14247593693435193
308,10.757050275802612,3.3749971,0.14150188863277435,14.148398701349894,4.888991641998291,0.14551075709362823
309,2.3140478134155273,-4.92,0.07247527688741684,13.745432949066162,4.572991911570231,0.14132893768449625
310,21.7796413898468,10.504983,0.1705993413925171,13.792581232388814,4.538325309753418,0.14377496826152006
311,12.122406959533691,4.934993,0.10668230801820755,14.118446667989096,4.869491736094157,0.14237682335078716
312,2.347602128982544,-5.0,0.3700973093509674,13.433938733736674,4.324158827463786,0.15274338647723198
313,11.255075931549072,3.5249968,0.18020112812519073,13.042700791358948,4.067159271240234,0.15124098733067512
314,2.314931631088257,-4.92,0.07747980952262878,12.35007959206899,3.5063263575236,0.15130487059553463
315,13.886780977249146,5.074995,0.08302781730890274,12.332294162114461,3.510326449076335,0.15009932344158491
316,2.331129312515259,-5.0,0.07943706214427948,11.928252220153809,3.1989933331807454,0.14840121393402417
317,19.73266077041626,11.189983,0.06741110980510712,12.18349080880483,3.443826262156169,0.14820435792207717
318,2.3299317359924316,-5.0,0.10835117101669312,12.18352013429006,3.4411595980326335,0.14880214209357898
319,14.414494514465332,4.524994,0.26915889978408813,12.070696552594503,3.2791597684224447,0.15381175850828488
320,15.54088544845581,5.6249914,0.09910169988870621,12.511005393664043,3.6333261489868165,0.15163017461697262
321,22.029655933380127,11.349985,0.03777087479829788,12.810181760787964,3.904159100850423,0.14999599481622378
322,8.242283344268799,-0.8050008,0.2984086871147156,12.629821999867756,3.7361592769622805,0.1546221119662126
323,19.267647981643677,10.474984,0.05236825719475746,12.538311338424682,3.721159315109253,0.15121629275381565
324,3.3938496112823486,-4.935,0.06371544301509857,12.012599102656047,3.2766597429911295,0.14719182290136815
325,6.4273858070373535,-2.52,0.29502010345458984,11.82471690972646,3.0401599725087483,0.14966431347032388
326,14.919476747512817,4.619995,0.20145952701568604,12.245538624127706,3.3608264764149984,0.15637963103751343
327,21.879425287246704,11.094984,0.355695903301239,12.306223352750143,3.3981597741444904,0.16273842938244343
328,12.104985475540161,4.1749945,0.24498417973518372,12.229622054100037,3.3754931608835856,0.16043608970940113
329,2.34893798828125,-5.0,0.24850529432296753,12.094229539235434,3.281326500574748,0.15881378638247648
330,20.013577222824097,9.059988,0.08819297701120377,12.326199746131897,3.461492967605591,0.15837364830076694
331,14.419667720794678,3.0449991,0.2644613981246948,12.063634737332661,3.186160167058309,0.16213653224209945
332,13.054891586303711,3.2049952,0.2932121455669403,11.753986962636311,2.916160504023234,0.16482855963210266
333,21.912508249282837,10.349983,0.09140628576278687,11.848836096127828,2.9919936339060467,0.16272353964547318
334,13.287438154220581,5.694992,0.1955539435148239,11.634067964553832,2.808827193578084,0.16709543851514658
335,2.2987141609191895,-4.92,0.24169516563415527,11.63295255502065,2.8114938577016195,0.1667791961381833
336,22.894604444503784,11.549984,0.2665855884552002,11.731183513005574,2.8478272279103596,0.17059162743389605
337,26.841686010360718,14.734985,0.08949973434209824,12.548779153823853,3.502993408838908,0.17180201100806394
338,20.281248331069946,11.664984,0.5131194591522217,12.866252422332764,3.779326295852661,0.1841892633587122
339,2.3637497425079346,-5.0,0.5131194591522217,12.867909153302511,3.776659631729126,0.198877402767539
340,11.257227897644043,3.7749958,0.1035364419221878,12.517162036895751,3.552326726913452,0.1966419727851947
341,2.313361883163452,-4.92,0.12178944051265717,12.19019386768341,3.2238269646962485,0.19714554386834304
342,21.848430633544922,11.209984,0.2670952081680298,12.840221484502157,3.7641597588857016,0.19371214049557844
343,13.303454637527466,5.114994,0.19192278385162354,12.908500774701436,3.817159668604533,0.1941028623531262
344,2.2961437702178955,-5.0,0.0,12.907874512672425,3.814493004480998,0.19152020203570524
345,12.922001123428345,3.1349974,0.3952425420284271,12.875715184211732,3.749826415379842,0.20192735952635607
346,13.619704246520996,4.239994,0.2554856240749359,13.252001015345256,4.0578262170155845,0.20779564492404462
347,19.664807081222534,10.299982,0.08708111196756363,13.249739225705465,4.028159507115682,0.20845131166279315
348,2.349550247192383,-5.0,0.04483872652053833,13.250393176078797,4.028159507115682,0.206334230179588
349,12.070478677749634,4.159996,0.07241219282150269,13.172259314854939,4.0159929116566975,0.19977600661416847
350,2.2978928089141846,-5.0,0.07241219282150269,12.730826226870219,3.6618265310923257,0.19888635637859503
351,12.105186223983765,4.409993,0.16092321276664734,12.40001056989034,3.430493466059367,0.20299143431087335
352,2.331735372543335,-5.0,0.17237600684165955,12.202992304166157,3.2906601587931315,0.19879034496843814
353,14.353172063827515,4.574994,0.34458020329475403,12.039176440238952,3.093993822733561,0.20853074317177137
354,14.486221551895142,3.9849958,0.20653796195983887,12.408922171592712,3.3913270155588786,0.2132914938032627
355,12.605183839797974,5.1199923,0.1253405213356018,12.614848772684732,3.6459934234619142,0.2076355077326298
356,2.31402587890625,-4.92,0.18678320944309235,12.194667077064514,3.3279935836791994,0.20714629714687666
357,11.3223717212677,3.085,0.08778500556945801,11.842765291531881,3.0609941164652508,0.19821593388915063
358,2.2822697162628174,-5.0,0.08778500556945801,11.515341432889302,2.7551609675089517,0.19297596141695977
359,22.294782161712646,10.434983,0.18286073207855225,12.180202905337016,3.269660409291585,0.19078780934214593
360,14.419926404953003,4.824994,0.11846747994422913,11.993747878074647,3.1284939448038735,0.19179695943991343
361,17.866337060928345,9.664985,0.2134948968887329,12.108636856079102,3.3491601308186847,0.19009807606538137
362,2.3146345615386963,-4.92,0.20148852467536926,11.750628288586935,3.078326956431071,0.18704062203566232
363,19.681142807006836,10.629982,0.12594343721866608,11.676249440511068,3.0876602490743,0.18819186041752498
364,2.3318026065826416,-5.0,0.15366534888744354,11.311061588923137,2.7311605135599772,0.18679557392994564
365,14.003319501876831,6.0899916,0.10448756068944931,11.70121510028839,3.098160235087077,0.18222198709845544
366,2.3313682079315186,-5.0,0.07337091863155365,11.015773892402649,2.5464941024780274,0.17578149810433388
367,13.021229028701782,3.6849957,0.1390872299671173,10.555091993014019,2.178161112467448,0.17743441462516785
368,21.845837116241455,11.384983,0.16881249845027924,10.607244952519734,2.168827756245931,0.1659575159351031
369,21.84587025642395,11.224981,0.23180517554283142,11.256648969650268,2.709660466512044,0.15658037314812343
370,20.047779083251953,9.784985,0.11203408241271973,11.549667342503865,2.9099934260050455,0.15686362783114116
371,12.688470602035522,5.1399937,0.22677627205848694,11.895504299799601,3.245326550801595,0.16036318888266882
372,2.331045150756836,-5.0,0.06117919087409973,11.244924783706665,2.704993756612142,0.1534993216395378
373,14.36990237236023,4.7099934,0.10888208448886871,11.280473041534425,2.6914937337239584,0.15073129832744597
374,20.131576776504517,9.454987,0.04323649778962135,11.874987475077312,3.173326619466146,0.15217251492043335
375,21.979353189468384,10.489983,0.2132129967212677,12.17689921061198,3.4184927940368652,0.1461048634101947
376,12.054922103881836,3.744996,0.11528101563453674,12.12473980585734,3.4019928614298505,0.1414313764621814
377,2.3141002655029297,-4.92,0.2516554892063141,11.54638291200002,2.8946601231892903,0.14691718903680642
378,17.766547441482544,8.984984,0.16743209958076477,12.06028281847636,3.360826269785563,0.15100363480548065
379,2.3319551944732666,-5.0,0.5271849632263184,11.735665369033814,3.0554930686950685,0.16616272715230782
380,14.952246189117432,4.939995,0.1905885487794876,12.157477148373921,3.386826229095459,0.170101939017574
381,13.288166284561157,5.404993,0.1661549210548401,12.196909817059835,3.4199928919474285,0.1702763292938471
382,2.330388069152832,-5.0,0.12680642306804657,12.196864906946818,3.4199928919474285,0.16875734316806
383,14.370341300964355,4.7649918,0.12384462356567383,12.19743721485138,3.4263261477152507,0.161399490510424
384,12.1383957862854,4.9199924,0.2010842263698578,12.119176355997721,3.457492701212565,0.16121769932409127
385,2.331148386001587,-5.0,0.1526789367198944,11.776708507537842,3.12015962600708,0.16212897983690103
386,14.41960620880127,4.3349934,0.21528592705726624,12.180227851867675,3.4286594072977703,0.16307907042404016
387,14.35313630104065,4.394993,0.3481444716453552,12.281253337860107,3.472325833638509,0.17175771929323674
388,14.386444807052612,4.6749926,0.13875344395637512,12.684725840886435,3.7948255856831867,0.17345666723946732
389,14.986842632293701,5.0399923,0.08197323977947235,12.44112785657247,3.614992554982503,0.17009375082949799
390,22.02824330329895,9.939984,0.28868621587753296,12.694738419850667,3.7854922294616697,0.17576770869394143
391,19.964506149291992,11.344984,0.2080463021993637,12.764677389462788,3.841492207845052,0.17558608887096247
392,2.33267879486084,-5.0,0.06930740922689438,12.765278863906861,3.838825543721517,0.17118005168934664
393,10.338950395584106,1.184998,0.14063143730163574,12.453872450192769,3.5239927450815838,0.1716696516921123
394,14.386411666870117,4.9149933,0.15606272220611572,12.855692752202351,3.854492521286011,0.17174956413606804
395,15.88495945930481,5.489993,0.3888539671897888,12.918414084116618,3.834492572148641,0.18122844435274602
396,20.89740800857544,10.294983,0.055303916335105896,13.537282077471415,4.344325335820516,0.1806262109428644
397,22.528626441955566,10.979983,0.0954914540052414,13.854195324579875,4.587491591771443,0.17917301841080188
398,14.470029830932617,4.444995,0.37873196601867676,13.608335081736247,4.3561586538950605,0.18617033399641514
399,12.604828596115112,4.7899942,0.26207369565963745,13.300300359725952,4.141659084955851,0.18717928466697534
400,2.330568552017212,-5.0,0.04385647177696228,12.70972667535146,3.648826265335083,0.18490669764578344
401,22.946096181869507,11.5749855,0.09015469998121262,13.051647528012593,3.8633259932200112,0.18035264524320763
402,22.31209921836853,11.4049835,0.20513436198234558,13.71768266359965,4.410158777236939,0.1851511509468158
403,14.419776678085327,4.274995,0.10153257101774216,13.719345140457154,4.395658826828003,0.1849061671644449
404,12.637569665908813,4.5599937,0.23686417937278748,13.469544903437297,4.232492399215698,0.19136042321721713
405,2.335949659347534,-5.0,0.0882604569196701,12.814764785766602,3.7161596457163495,0.1871953385571639
406,4.043108940124512,-2.6499999,0.0975012481212616,12.54770434697469,3.502993114789327,0.1866026796400547
407,2.3462016582489014,-5.0,0.20500390231609344,12.548774393399556,3.5003264506657916,0.18504762674371403
408,13.63713026046753,3.8099957,0.28348487615585327,12.411127154032389,3.3278268257776897,0.1889160526295503
409,13.571075201034546,4.144994,0.1591910719871521,12.785764487584432,3.6326599518458047,0.17664958958824475
410,14.469209909439087,4.324995,0.060650162398815155,12.76966327826182,3.6121599594751994,0.17231831004222234
411,22.246461868286133,10.229981,0.26741936802864075,13.068273131052653,3.772992904980977,0.1756937916080157
412,11.305966138839722,3.9199953,0.27287018299102783,13.367459066708882,4.070326081911722,0.1805625836054484
413,2.347407579421997,-5.0,0.12178781628608704,12.966694609324138,3.744826356569926,0.18049402336279552
414,19.764771938323975,10.619983,0.06780730932950974,13.220907147725423,3.9348260323206583,0.17605145946145057
415,2.314633369445801,-4.92,0.4296224117279053,13.220356647173563,3.9374926964441936,0.18528290862838429
416,14.48654556274414,3.4949942,0.36495670676231384,13.22258795897166,3.9094927231470744,0.19027193461855252
417,21.863693952560425,10.959983,0.08310108631849289,13.472939880688985,4.128325724601746,0.18143715510765712
418,14.372420310974121,3.7449932,0.22365713119506836,13.472472397486369,4.097325746218363,0.18426727801561354
419,11.968114852905273,1.6449962,0.06692270934581757,13.371848138173421,3.9841592073440553,0.18376559366782505
420,22.029723167419434,10.509983,0.14867092669010162,13.371897466977437,4.003159165382385,0.17909841736157736
421,21.863490343093872,9.644986,0.07255590707063675,13.435196940104166,3.946492568651835,0.17458207085728644
422,14.936070919036865,3.7599964,0.21920855343341827,13.855310010910035,4.238492449124654,0.17957877566417058
423,13.103888034820557,4.6649923,0.07791651040315628,13.947474598884583,4.354492259025574,0.17748827810088794
424,2.3827855587005615,-4.92,0.23345324397087097,13.547353728612263,4.026659146944682,0.1800679621597131
425,16.249747037887573,5.524991,0.14057722687721252,13.559513314565022,4.027825744946798,0.17179207081596057
426,14.036742448806763,6.6249905,0.08118467032909393,13.330824462572734,3.905492663383484,0.17265476261576015
427,2.280456304550171,-5.0,0.08118467032909393,12.655885457992554,3.3728265523910523,0.17217786982655525
428,14.474283695220947,3.5799942,0.16828709840774536,12.656027253468832,3.3439931948979695,0.16516304090619088
429,11.268678426742554,3.9549942,0.19836553931236267,12.611488914489746,3.3161598602930704,0.16303943569461504
430,2.332073450088501,-5.0,0.12819169461727142,12.611539077758788,3.3161598602930704,0.16585060978929203
431,19.94753098487854,10.024984,0.23195064067840576,12.511586904525757,3.264493155479431,0.1705771411458651
432,2.3141932487487793,-4.92,0.20830507576465607,11.844990038871765,2.720327035586039,0.17068283160527548
433,19.600054025650024,9.419985,0.08468499034643173,12.017665950457255,2.891826701164246,0.17012124558289846
434,2.346330165863037,-5.0,0.04437776282429695,11.674624633789062,2.573160243034363,0.16370503169794878
435,19.11596941947937,8.149989,0.1185397133231163,12.233958625793457,3.011493213971456,0.1647143402447303
436,14.918689727783203,5.1399927,0.24662400782108307,12.59647798538208,3.271159633000692,0.16968509890139102
437,19.564931631088257,9.604983,0.0669965147972107,13.170435651143391,3.75799241065979,0.16508485265076162
438,2.3471834659576416,-5.0,0.08705051243305206,12.794104091326396,3.4643258889516195,0.15853704052666823
439,18.500336408615112,9.059986,0.14662469923496246,12.958412798245748,3.628158966700236,0.15811816143492857
440,2.330780029296875,-5.0,0.20464064180850983,12.553798468907674,3.317325798670451,0.1629178440819184
441,8.058616161346436,-0.84500074,0.08170396834611893,12.08087027867635,2.9481597264607746,0.15672733075916767
442,22.645478010177612,11.964985,0.11432312428951263,12.458854007720948,3.21632604598999,0.15144242880245048
443,21.779518365859985,10.574983,0.22252775728702545,13.106591033935548,3.735492134094238,0.1548004268358151
444,22.01309370994568,11.119984,0.14649516344070435,13.181535092989604,3.752158832550049,0.15742335530618826
445,21.91201138496399,9.9899845,0.3360936641693115,13.83478102684021,4.249158318837484,0.15430573038756848
446,14.403812885284424,3.7249937,0.20490562915802002,13.832023270924886,4.256824970245361,0.14897069446742534
447,22.078808546066284,11.629986,0.16040685772895813,13.839193757375082,4.279158401489258,0.15154755351444085
448,12.605344295501709,5.4599924,0.10279234498739243,13.780291223526001,4.336325041453043,0.14751872730751833
449,2.3145854473114014,-4.92,0.12148183584213257,13.458506910006205,4.117491833368937,0.1493373648573955
450,19.514888525009155,10.269983,0.1681440770626068,13.37467908859253,4.109491840998332,0.14998646986981232
451,2.331315279006958,-5.0,0.08775874972343445,12.723606586456299,3.621325635910034,0.15049323129157224
452,12.055124998092651,3.3449955,0.054600100964307785,12.62757505575816,3.607492272059123,0.14500628287593523
453,2.3147332668304443,-4.92,0.09038860350847244,12.267936563491821,3.287992525100708,0.14542201931277912
454,12.172106266021729,4.729993,0.05958310514688492,12.59424725373586,3.60965895652771,0.13962634801864623
455,2.331407308578491,-5.0,0.29187920689582825,12.130302596092225,3.258825922012329,0.1446697473526001
456,14.386215448379517,3.2999954,0.06453403830528259,12.141951696077983,3.147992753982544,0.14411472628513972
457,22.111913919448853,10.409982,0.09137129038572311,12.803000283241271,3.6616588115692137,0.14445428028702736
458,19.614325761795044,10.109983,0.3275575041770935,12.974335018793742,3.8793251196543377,0.1497632938126723
459,2.332552671432495,-5.0,0.18946704268455505,12.676464160283407,3.5808253129323324,0.14946667725841203
460,14.419971227645874,4.274993,0.16659078001976013,13.079394086201985,3.8899917443593344,0.15074664677182834
461,22.261805057525635,11.13998,0.12229243665933609,13.156536555290222,3.9271582762400308,0.147091373304526
462,15.518396139144897,4.5449934,0.09771861881017685,13.59667665163676,4.242658058802287,0.14340515807271004
463,13.670607805252075,4.4749937,0.0783606767654419,13.399028444290161,4.077825021743775,0.14319434762001038
464,19.980504989624023,8.014988,0.06460708379745483,13.98683427174886,4.511657953262329,0.14386865831911563
465,14.554243803024292,4.904993,0.07929982244968414,13.834776751200359,4.4034914175669355,0.1425606619566679
466,21.26303791999817,11.8649845,0.0589698925614357,14.04625502427419,4.627657810846965,0.13630552478134633
467,2.314021110534668,-4.92,0.11617715656757355,13.47122467358907,4.1434916973114015,0.13794487950702508
468,11.889253377914429,1.5499969,0.050298042595386505,13.789293670654297,4.36182492574056,0.1367197971791029
469,19.96429181098938,10.254982,0.5293814539909363,13.838092184066772,4.401658121744791,0.1494783556709687
470,2.315122365951538,-4.92,0.25142863392829895,13.83757026195526,4.404324785868327,0.15103795540829498
471,12.088243246078491,3.6249933,0.2062987983226776,13.971891164779663,4.553324588139852,0.15519111640751362
472,2.3337135314941406,-5.0,0.08618659526109695,13.294832348823547,3.9878250916798907,0.15425323210656644
473,22.143571615219116,10.069984,0.22482110559940338,13.306967457135519,3.9709918181101482,0.15432967705031236
474,22.12888813018799,10.589984,0.06857327371835709,13.310827271143596,3.9533251603444417,0.15173228072623413
475,14.403275489807129,4.574993,0.0698588564991951,13.060536074638367,3.7728254477183025,0.14285778713723024
476,22.72866129875183,10.234984,0.05721597746014595,13.338031021753947,3.989825137456258,0.1379347987473011
477,19.982025384902954,9.609984,0.15774022042751312,13.26813824971517,3.922491757074992,0.13784591083725292
478,16.39999294281006,4.9749937,0.1186375841498375,13.39462653795878,3.9063251336415608,0.1383740854760011
479,12.605992317199707,4.199993,0.23723118007183075,13.737673433621724,4.210324907302857,0.14223239695032439
480,2.330794095993042,-5.0,0.10734677314758301,13.164870285987854,3.701325464248657,0.1402058201531569
481,12.08858036994934,4.4599943,0.15993085503578186,13.490112455685933,4.016658608118693,0.14261155699690184
482,2.330754280090332,-5.0,0.066553995013237,13.165966765085857,3.7384920914967856,0.14301002013186614
483,14.369990110397339,3.8049936,0.16495728492736816,13.56780865987142,4.029325215021769,0.14549564284582933
484,16.31784415245056,4.979993,0.13881120085716248,13.70599992275238,4.037658548355102,0.14813657936950525
485,12.106163024902344,4.109996,0.22892776131629944,14.03182511329651,4.341325076421102,0.14603819785018762
486,2.3147494792938232,-4.92,0.07983013987541199,13.629442914326985,4.067325226465861,0.14654806790252525
487,23.226804733276367,12.049984,0.1412760466337204,13.66660594145457,4.121991968154907,0.1482115597774585
488,12.122234582901001,3.4749937,0.16700048744678497,13.416869568824769,3.9008256435394286,0.14285965921978155
489,2.3311524391174316,-5.0,0.08983228355646133,13.416822894414265,3.9008256435394286,0.13953850058217843
490,16.284335136413574,4.3849955,0.10244111716747284,13.478968358039856,3.904492394129435,0.1374001784871022
491,12.172264814376831,4.699993,0.21262596547603607,13.142650349934895,3.689826154708862,0.1404112961143255
492,2.3318264484405518,-5.0,0.16479618847370148,12.703098026911418,3.3716597080230715,0.14264721510310968
493,20.397438287734985,10.834982,0.18170394003391266,12.927325709660847,3.583659315109253,0.14609199054539204
494,2.314079523086548,-4.92,0.20252281427383423,12.338444860776265,3.152493047714233,0.15068918156127134
495,22.112236499786377,10.089984,0.051346518099308014,12.590377950668335,3.3253260771433513,0.14975740474959215
496,19.9646213054657,9.674985,0.27473390102386475,12.547097396850585,3.2523260911305747,0.15694953836500644
497,20.16745376586914,10.89498,0.1951376348733902,13.142211818695069,3.7794921080271404,0.15958155430853366
498,2.661557912826538,-4.94,0.1844596117734909,12.834621969858805,3.563158877690633,0.1640536066144705
499,14.453038215637207,4.354994,0.16230113804340363,12.650913516680399,3.3664926052093507,0.15181759608288606
500,17.633021116256714,8.529986,0.13326555490493774,13.161510141690572,3.814825487136841,0.14787882678210734
501,2.3315932750701904,-4.92,0.07960689067840576,12.836288475990296,3.529992373784383,0.14365576319396495
502,12.637462854385376,4.239994,0.17199552059173584,13.179746786753336,3.8379921754201254,0.14651606070498627
503,2.314375638961792,-4.92,0.048212312161922455,12.518773587544759,3.338326025009155,0.1406291009237369
504,14.403539180755615,3.6049938,0.12494906038045883,12.261261955897014,3.1054930210113527,0.14250829381247362
505,12.672585248947144,5.599992,0.14728820323944092,12.20357228120168,3.1396596431732178,0.14508927203714847
506,2.3138809204101562,-4.92,0.04771662876009941,11.523079601923625,2.6344934940338134,0.14477262708048025
507,21.945486545562744,10.249983,0.11824839562177658,11.588528307278951,2.655826775232951,0.14345623292028903
508,19.482419729232788,10.724983,0.08779557049274445,11.691275866826375,2.8474930922190347,0.14242816579838594
509,2.347254991531372,-5.0,0.17055703699588776,11.349317955970765,2.540826654434204,0.14020569436252117
510,21.746678590774536,10.024983,0.1839771717786789,11.996514105796814,3.041659434636434,0.1427600409835577
511,20.130468130111694,8.799986,0.0893629789352417,12.264577031135559,3.1863258202870686,0.14040777844687302
512,22.279831171035767,10.544983,0.05949598550796509,12.92954626083374,3.7044919172922772,0.14017251146336396
513,22.278947353363037,11.184986,0.15351420640945435,13.193178168932597,3.9504916667938232,0.13979107551276684
514,19.464420795440674,9.289984,0.16040566563606262,13.298064057032267,4.094158029556274,0.14051089100539685
515,2.3144426345825195,-5.0,0.04843784496188164,12.97167337735494,3.790491501490275,0.13449456046024957
516,12.655221939086914,3.949996,0.1311354637145996,13.316355792681376,4.086158037185669,0.13620473792155582
517,2.2810113430023193,-5.0,0.1311354637145996,12.618162679672242,3.517825237909953,0.13586671849091847
518,12.68886137008667,5.369994,0.2821367383003235,12.637050239245097,3.5809919198354083,0.13970459351936976
519,2.313401937484741,-4.92,0.34385067224502563,12.63645855585734,3.5836585839589437,0.1481718731423219
520,12.089214324951172,4.6749926,0.04517202079296112,12.49662119547526,3.593325153986613,0.1462629032631715
521,2.3141467571258545,-4.92,0.15300136804580688,12.168017260233562,3.2726587136586507,0.14427541668216387
522,12.677470922470093,5.2099934,0.07164628803730011,12.512872076034546,3.6129918257395426,0.1411704200009505
523,2.3542144298553467,-5.0,0.1272849440574646,11.911431280771891,3.085159095128377,0.13935645346840222
524,20.36862277984619,10.789981,0.12533141672611237,12.513249389330547,3.608825127283732,0.13678340688347818
525,2.330744504928589,-5.0,0.059106454253196716,11.853866322835286,3.105825662612915,0.1370420714219411
526,16.26884937286377,5.7549906,0.11785757541656494,11.73067392508189,2.97515918413798,0.13181286056836447
527,21.91264295578003,10.849983,0.06915639340877533,11.78884689807892,2.9736592769622803,0.1276134858528773
528,18.449199438095093,9.764984,0.08049039542675018,12.31510161558787,3.4638254165649416,0.12414784530798594
529,2.3322882652282715,-5.0,0.07698983699083328,11.911076617240905,3.1519922892252605,0.12130413527290027
530,13.203126907348633,5.934992,0.04860340803861618,11.76341347694397,3.0654924710591636,0.11848206371068955
531,2.3310904502868652,-5.0,0.29919183254241943,11.763396716117859,3.0628258069356282,0.12580156177282334
532,14.469437837600708,3.6749964,0.13746243715286255,11.824462548891704,3.043992551167806,0.12465045899152756
533,19.398695468902588,10.049987,0.07951370626688004,12.393939876556397,3.542992115020752,0.12569383879502613
534,3.3634860515594482,-5.0,0.07951370626688004,12.02593810558319,3.256158987681071,0.12417932699124018
535,14.903214931488037,4.1699934,0.0731978490948677,12.100292428334553,3.208492374420166,0.12170964851975441
536,18.366227626800537,9.289986,0.21475651860237122,12.6353706518809,3.6821585655212403,0.12727764484783013
537,2.330631971359253,-5.0,0.08986357599496841,11.981542166074117,3.173825804392497,0.1263314841936032
538,16.35068368911743,5.5949907,0.0934828594326973,11.877150964736938,3.0028260548909507,0.12652106049160164
539,14.403952598571777,4.124996,0.08062385022640228,12.279040884971618,3.306992594401042,0.12352328759928545
540,21.779398441314697,9.759983,0.10751545429229736,12.28013154665629,3.2981592496236165,0.12097456368307273
541,19.93110990524292,11.754984,0.06184139475226402,12.273486272493999,3.396659183502197,0.12005717754364013
542,2.331148624420166,-5.0,0.4667777419090271,11.608530187606812,2.878493086496989,0.1336332360903422
543,22.331082582473755,10.464982,0.27956944704055786,11.610268028577169,2.854492950439453,0.13783507744471232
544,13.967995405197144,4.804991,0.13320954144001007,11.427053848902384,2.704993184407552,0.13692853997151058
545,2.3315117359161377,-5.0,0.11315353214740753,11.427622818946839,2.704993184407552,0.13908572954436144
546,14.36980128288269,3.574994,0.12868651747703552,11.48477546374003,2.692493120829264,0.13900409800310928
547,8.725591659545898,-0.08500147,0.3974279761314392,11.699594807624816,2.8563264052073163,0.14788051508367062
548,20.013657569885254,11.734983,0.04660273343324661,11.943754680951436,3.0684927145640057,0.14002938158810138
549,2.331662893295288,-5.0,0.16922244429588318,11.944363379478455,3.0658260504404704,0.1342084406564633
550,19.948920726776123,11.284985,0.1084631159901619,12.20635359287262,3.286159118016561,0.13631814382970334
551,2.5799167156219482,-4.905,0.26663073897361755,12.215212591489156,3.2866591135660808,0.14010578952729702
552,19.997865676879883,10.564981,0.14256374537944794,12.459225749969482,3.465158716837565,0.14246970477203527
553,2.314436912536621,-5.0,0.33773690462112427,12.457899832725525,3.465158716837565,0.14948477012415726
554,18.34940242767334,9.794986,0.31508320569992065,12.390592487653096,3.431992212931315,0.15580982975661756
555,3.330906867980957,-5.0,0.3625311553478241,12.423931233088176,3.431992212931315,0.1659239864597718
556,21.762279987335205,10.934984,0.049085505306720734,12.60704558690389,3.604658667246501,0.16363158412277698
557,14.469856262207031,4.4699936,0.07444141805171967,12.358952697118124,3.3919923464457193,0.16380775161087513
558,21.763495206832886,10.854981,0.08854163438081741,12.469429222742717,3.428325589497884,0.16407612624267737
559,8.874237537384033,0.024998665,0.04494873061776161,12.687494198481241,3.5958255449930827,0.16300808936357497
560,14.469673156738281,4.904993,0.14414672553539276,12.72971240679423,3.5614922523498533,0.16619286661346752
561,14.919297933578491,5.2149925,0.06549464911222458,13.149319322903951,3.9019920031229653,0.1584029604991277
562,16.334948301315308,5.0849934,0.09187056869268417,13.21150300502777,3.948991902669271,0.15688323155045508
563,14.38591980934143,3.494998,0.20827220380306244,13.0444104830424,3.730492273966471,0.16117518146832785
564,16.3522527217865,5.854994,0.17094388604164124,13.477369372049967,4.0923254013061525,0.16422285412748655
565,19.982584238052368,9.464986,0.3508581519126892,13.64668168226878,4.2688251495361325,0.17347819755474728
566,2.329688549041748,-5.0,0.08027226477861404,13.112130379676818,3.7924922943115233,0.16899538909395537
567,12.621548652648926,5.4599924,0.16787557303905487,13.455160935719809,4.141158707936605,0.1715957889954249
568,2.329909086227417,-5.0,0.26152893900871277,12.987801782290141,3.7879923502604167,0.1771973249812921
569,20.848482131958008,9.229985,0.24111472070217133,13.202619433403015,3.9581586519877114,0.18254702066381773
570,21.74580216407776,10.109983,0.19755510985851288,13.201499557495117,3.969825331370036,0.1855483425160249
571,21.945886373519897,10.139984,0.18972118198871613,13.26865877310435,3.915992005666097,0.1898110020905733
572,8.008826732635498,0.9749975,0.22666007280349731,13.45791471004486,4.1151585896809895,0.18180707978705565
573,2.331296443939209,-5.0,0.27759963274002075,12.79125517209371,3.5996591885884603,0.18174141931037108
574,14.352718830108643,4.4249945,0.25929343700408936,12.804079286257426,3.586992645263672,0.18594421582917373
575,12.672706842422485,3.859995,0.08358418941497803,13.148785789807638,3.882325808207194,0.18495857107142608
576,2.314894437789917,-5.0,0.38784393668174744,12.74695556163788,3.5964926719665526,0.19359715171158315
577,14.402199029922485,3.3799963,0.05408933013677597,12.936175807317097,3.711992597579956,0.1821525301784277
578,23.1284396648407,11.534981,0.075978584587574,13.040001877148946,3.7053258419036865,0.18313172521690527
579,13.037523746490479,2.7049956,0.16327638924121857,13.396863905588786,3.962159029642741,0.18293352338174979
580,16.36784267425537,6.349992,0.1972118318080902,13.277494637171428,3.7976592699686686,0.18589181390901408
581,21.81282639503479,9.619983,0.062090300023555756,13.918591626485188,4.28182536760966,0.17907379927734535
582,13.203999519348145,4.7599916,0.16713199019432068,13.692129421234132,4.088325707117717,0.17989274077117443
583,2.3312296867370605,-5.0,0.1139325276017189,13.692689180374146,4.088325707117717,0.1724325948705276
584,11.306103706359863,4.2249937,0.13548538088798523,13.457912556330363,3.902659304936727,0.16644600071012974
585,2.331446647644043,-5.0,0.054891929030418396,13.424597215652465,3.902659304936727,0.15619135983288288
586,19.01865553855896,10.994983,0.07824090868234634,13.333143067359924,3.9046592553456625,0.1571632066120704
587,2.6769609451293945,-5.0,0.19136112928390503,12.94004655679067,3.5889928023020428,0.1610605303198099
588,19.71525526046753,11.309982,0.3080131709575653,12.871771891911825,3.6041594982147216,0.16837624820570152
589,2.2811942100524902,-5.0,0.3080131709575653,12.652003781000774,3.4366595427195232,0.17714506288369497
590,20.00722360610962,11.544983,0.21989969909191132,12.836588795979818,3.6579925378163654,0.1796701620022456
591,2.322172164916992,-5.0,0.14940086007118225,12.4166846036911,3.317492787043254,0.1824670357008775
592,15.521628618240356,5.284994,0.04581176117062569,12.389573947588604,3.3241594791412354,0.1809317421168089
593,12.370160818099976,4.9749937,0.18986722826957703,12.322381981213887,3.3734926700592043,0.18031824293235937
594,3.4785609245300293,-4.92,0.06683696806430817,11.893258921305339,3.0143262068430583,0.17684801233311495
595,20.49750328063965,10.569983,0.0805770680308342,11.910422889391581,3.0511594295501707,0.16783864287038644
596,2.331535816192627,-5.0,0.05435396358370781,11.910484464963277,3.0511594295501707,0.1669746994972229
597,20.763498544692993,11.034981,0.18444061279296875,12.18188279469808,3.236992375055949,0.16752686748902004
598,2.3647334575653076,-5.0,0.18444061279296875,12.183043607076009,3.236992375055949,0.1649572566151619
599,22.045722723007202,10.979983,0.04264078661799431,12.222951626777649,3.2953256448109944,0.158341458812356
600,19.4815354347229,11.249981,0.091975137591362,12.147476069132487,3.3333255608876544,0.15482212640345097
601,2.3316783905029297,-5.0,0.21016131341457367,11.493669136365254,2.828659423192342,0.1555034641176462
602,5.8282856941223145,-0.82500076,0.10946805775165558,11.420984435081483,2.768659480412801,0.15159706361591815
603,2.3305294513702393,-5.0,0.09470441937446594,11.420958868662517,2.768659480412801,0.145500556503733
604,20.4306743144989,11.324984,0.20522692799568176,11.623557384808858,2.998659118016561,0.14369833953678607
605,2.3337414264678955,-5.0,0.09427334368228912,11.278925204277039,2.703325955073039,0.1440546446790298
606,19.465360641479492,9.629984,0.10997878760099411,11.850607411066692,3.190992085138957,0.13479247304300468
607,2.3276329040527344,-5.0,0.13923920691013336,11.4481218735377,2.9116588751475017,0.13763080226878324
608,22.26260542869568,9.974983,0.22184574604034424,11.419260732332866,2.85965895652771,0.14249304098387558
609,19.997852087020874,10.434983,0.20754283666610718,11.651271677017212,3.117325210571289,0.14396858923137187
610,2.332446575164795,-5.0,0.1156671941280365,11.183425140380859,2.738992150624593,0.14125043464203677
611,8.957371234893799,-0.36000156,0.09596164524555206,10.75490996837616,2.4063260078430178,0.14237947948276997
612,12.055293798446655,4.894993,0.06782039999961853,10.716619777679444,2.410826047261556,0.13906909314294655
613,2.364046096801758,-5.0,0.06782039999961853,10.717713658014933,2.410826047261556,0.13753202222287655
614,20.282171964645386,11.369986,0.15980055928230286,11.016915933291118,2.6489924430847167,0.1383425281693538
615,2.296952724456787,-5.0,0.15980055928230286,11.015766135851543,2.6489924430847167,0.14183948251108328
616,11.60620403289795,2.1199985,0.11350599676370621,10.768684418996175,2.3531596342722576,0.14301498544712862
617,6.45966362953186,-2.3900003,0.2750072181224823,10.894774508476257,2.440159622828166,0.14580318840841452
618,13.107987880706787,5.079994,0.044634390622377396,10.674532262484233,2.232493352890015,0.1370238957305749
619,3.4105324745178223,-5.0,0.07706761360168457,10.712176871299743,2.232493352890015,0.12932571048537891
620,14.370628356933594,2.969997,0.1754981279373169,10.524290362993876,1.9466604868570963,0.12784565811355908
621,12.67064094543457,5.069992,0.16422852873802185,10.869239322344463,2.282326889038086,0.12833991373578707
622,2.331303358078003,-5.0,0.08566225320100784,10.429561813672384,1.939493751525879,0.12966826347013313
623,22.24825096130371,11.414982,0.032284341752529144,10.758831485112507,2.1541600227355957,0.12441550058623155
624,23.12548303604126,11.304981,0.07755416631698608,11.41372888882955,2.694992733001709,0.12477274052798748
625,21.7977294921875,10.834983,0.30481991171836853,11.45706976254781,2.703826077779134,0.13224750198423862
626,16.24979257583618,6.3299904,0.04524068534374237,11.92101165453593,3.0814924240112305,0.13194372604290644
627,19.44833207130432,10.714983,0.08092312514781952,11.87717277208964,3.0708258310953775,0.12849314312140148
628,2.331561803817749,-5.0,0.05183488503098488,11.876067050298055,3.0708258310953775,0.124072952196002
629,22.245330333709717,10.654981,0.2716934382915497,11.882720637321473,3.0599924087524415,0.1317080405851205
630,2252.9528291225433,17.609987,0.059041447937488556,86.33176376024882,3.2719926198323566,0.1306102509299914
631,22.695305347442627,11.354982,0.21711328625679016,87.01055132548014,3.8171586990356445,0.1308419833580653
632,12.321164608001709,5.0149937,0.4319823384284973,87.22698062260946,4.011825180053711,0.14159245938062667
633,2.2842416763305664,-5.0,0.4319823384284973,87.2254376967748,4.011825180053711,0.15283505668242772
634,22.692744255065918,10.964979,0.23890024423599243,87.30084002812704,3.999825032552083,0.15395750055710475
635,22.246408939361572,11.579981,0.12840694189071655,87.96459561189016,4.5524910608927405,0.15509528716405233
636,22.261407136917114,11.774984,0.17924587428569794,88.05779716173808,4.62399107615153,0.15740419005354245
637,23.411453247070312,13.374981,0.18783923983573914,88.760591173172,5.2364904403686525,0.15902419115106264
638,2.331923484802246,-5.0,0.07262273132801056,88.09623510837555,4.737324333190918,0.15405009066065153
639,19.9473819732666,11.744984,0.24547457695007324,88.0945527712504,4.780991013844808,0.15531448200345038
640,2.2814178466796875,-5.0,0.0,88.09285181363424,4.780991013844808,0.15145890886584917
641,15.518432855606079,5.814992,0.19953398406505585,88.31155386765798,4.9868241310119625,0.15491132015983264
642,16.318842887878418,6.354991,0.048951517790555954,88.45367217063904,5.035490735371908,0.15428235741953056
643,14.973865032196045,5.439993,0.32181644439697266,88.87399946848551,5.383490498860677,0.1627488922327757
644,21.807833194732666,11.044983,0.12204664945602417,88.92485484282176,5.372657076517741,0.16149042857189974
645,22.311769008636475,11.664984,0.061659395694732666,89.59201538562775,5.9281565348307295,0.15821905645231407
646,22.296279907226562,11.194983,0.11949215084314346,89.94835124810537,6.230656003952026,0.15841859492162863
647,22.78500008583069,11.114983,0.0672539696097374,90.49252912998199,6.680822102228801,0.15149348663787046
648,21.806153535842896,11.359983,0.19525514543056488,90.7824679851532,6.890155076980591,0.15651417846481006
649,19.53225564956665,10.954983,0.08553537726402283,91.31985875765483,7.421987835566203,0.15679643725355466
650,2.331066608428955,-5.0,0.08107893168926239,90.91854003270467,7.1563212712605795,0.15364913071195285
651,27.556490898132324,14.88999,0.1250598281621933,91.41473503112793,7.483654530843099,0.15234350735942523
652,21.91365337371826,11.469984,0.4258005619049072,92.06748003164927,8.032653999328613,0.16368145098288853
653,22.296295642852783,11.384983,0.2139945775270462,92.06908152103424,8.031654040018717,0.1697384588420391
654,22.245744705200195,11.064981,0.1052670106291771,92.0397569100062,8.023654047648112,0.17066222031911213
655,19.965890407562256,11.589983,0.13713933527469635,91.97869560718536,8.048820718129475,0.16507286777098973
656,2.3290107250213623,-5.0,0.28022268414497375,91.51466954549154,7.671154371897379,0.17290560106436412
657,22.262521743774414,11.364983,0.1529792845249176,91.6084758679072,7.692821025848389,0.17530747304360073
658,23.161386013031006,10.984981,0.25550052523612976,92.30280334154764,8.225653711954752,0.18209632771710554
659,14.919436693191528,5.2949924,0.043790578842163086,92.05860688686371,8.046987438201905,0.17449956573545933
660,16.368025064468384,6.5049915,0.04970283433794975,17.505780084927878,7.6768209139506025,0.1741882786154747
661,22.246038913726807,10.704984,0.24699749052524567,17.49080453713735,7.655154291788737,0.17518441875775656
662,22.295259714126587,12.189983,0.045718882232904434,17.82327437400818,7.89432061513265,0.16230897021790344
663,16.317826986312866,5.764989,0.07869632542133331,18.29106055100759,8.25315357844035,0.15053276978433133
664,21.929402112960815,11.039984,0.08848850429058075,18.26561581293742,8.25565373102824,0.14551904511948427
665,22.245787858963013,11.824984,0.17842356860637665,18.26559511025747,8.26382048924764,0.14718626601000626
666,19.498454093933105,10.914982,0.25753724575042725,18.173496675491332,8.235153738657633,0.1497959783921639
667,2.3319358825683594,-5.0,0.09500086307525635,17.470846096674602,7.622654374440511,0.14670136583348115
668,22.012497186660767,11.239983,0.06755412369966507,18.126865220069885,8.16398712793986,0.14653241224586963
669,14.986046314239502,4.9649935,0.280634343624115,17.96148736476898,7.9379874547322595,0.14770440446833769
670,21.79568648338318,11.084984,0.510829746723175,18.61196298599243,8.474153582255045,0.16473206269244353
671,22.34537959098816,11.484983,0.08051502704620361,18.839527877171836,8.663153298695882,0.16076476412514845
672,19.54863977432251,11.229982,0.061758626252412796,18.947187773386638,8.825653012593587,0.1611916677405437
673,2.367424488067627,-5.0,0.061758626252412796,18.526973088582356,8.477653249104817,0.1525230738023917
674,11.256179332733154,4.0949945,0.17006902396678925,18.175251293182374,8.245986970265706,0.15412381961941718
675,2.3613364696502686,-5.0,0.17006902396678925,17.510236875216165,7.6904875119527185,0.1577374738951524
676,19.91426134109497,11.074982,0.32082656025886536,17.430836256345113,7.686487483978271,0.16444862087567647
677,2.3148043155670166,-5.0,0.07121641933917999,16.748496397336325,7.149321397145589,0.16458070253332455
678,19.10049605369568,10.869982,0.38303226232528687,16.658307814598082,7.1329880078633625,0.17083993976314862
679,3.545600414276123,-4.905,0.1219014823436737,16.125419306755067,6.604321908950806,0.17205214326580365
680,27.290229320526123,14.974991,0.10286684334278107,16.957391397158304,7.270154937108358,0.17277840698758762
681,21.87952733039856,11.209984,0.06132041662931442,16.768159278233846,7.147488069534302,0.17065375993649165
682,22.32895040512085,10.844983,0.27293193340301514,16.782002512613932,7.126654704411824,0.16555813898642857
683,5.844875335693359,-0.5450015,0.06494398415088654,16.233621835708618,6.728988552093506,0.16058978587388992
684,2.3323559761047363,-5.0,0.12055135518312454,15.569842211405437,6.1934891700744625,0.16109926402568817
685,15.650363445281982,5.774992,0.08075740188360214,15.425991312662761,5.999656136830648,0.15921986624598503
686,22.346257209777832,10.914983,0.08879774808883667,16.093232862154643,6.5301555633544925,0.1528390350441138
687,8.025165557861328,-0.8400006,0.24944619834423065,15.618654322624206,6.123322788874308,0.1560545988380909
688,21.812859535217285,10.7749815,0.2501852810382843,15.573703440030416,6.116322819391886,0.15587742403149604
689,22.246220588684082,11.584982,0.08090990781784058,15.817929569880167,6.325989135106405,0.15711473499735196
690,22.312233924865723,11.594982,0.0821695402264595,16.016069865226747,6.495655488967896,0.15819695852696897
691,22.312376260757446,11.664984,0.1908484250307083,16.018281110127766,6.527655490239462,0.15632532301048438
692,22.27935791015625,10.874982,0.1378137171268463,16.01775104999542,6.4838221073150635,0.15939515084028244
693,11.622125387191772,1.5299988,0.0936761349439621,15.861227663358052,6.342655769983927,0.15989447782437008
694,12.622043132781982,4.6749945,0.06326530873775482,15.550982364018758,6.1304894606272375,0.15905370463927587
695,2.3642990589141846,-5.0,0.06326530873775482,14.888266070683796,5.569656674067179,0.1552150959769885
696,12.605212688446045,5.2499924,0.09810075908899307,14.658491357167561,5.380823691685994,0.14990054642160733
697,2.3143985271453857,-5.0,0.22931954264640808,14.657906778653462,5.380823691685994,0.15437783574064573
698,20.463329076766968,11.779985,0.03175152838230133,14.606267841657003,5.39882378578186,0.1531844158967336
699,2.331249952316284,-5.0,0.14952753484249115,14.184441296259562,5.066657336552938,0.14881418893734613
700,22.429007291793823,11.899986,0.09926468878984451,14.20555198987325,5.093824084599813,0.1350953536729018
701,21.729973793029785,11.104982,0.10385067760944366,14.185038463274639,5.081157382329305,0.13587320869167646
702,22.2803316116333,10.904982,0.07430464029312134,14.276094857851664,5.070324023564656,0.1362914091597001
703,21.91139006614685,11.229984,0.18228869140148163,14.927560377120972,5.611323499679566,0.14030907799800238
704,21.79636859893799,11.044983,0.2114381194114685,15.2789000193278,5.842989778518676,0.14168804784615835
705,22.229398012161255,11.384985,0.2385168969631195,15.941168737411498,6.389155944188436,0.14396964361270267
706,22.278464555740356,12.024982,0.09988681226968765,16.01997551123301,6.420822636286418,0.13660498534639676
707,14.453173160552979,4.454994,0.0913861021399498,16.424587806065876,6.7359891096750895,0.1372773081064224
708,22.247156381607056,11.364983,0.20532310009002686,16.529476483662922,6.752489137649536,0.1313536693652471
709,22.29421091079712,11.764982,0.11545836925506592,17.15443016688029,7.308155218760173,0.13113889892896016
710,22.84514284133911,11.609982,0.15811049938201904,17.006260617574057,7.195988241831461,0.1329803541302681
711,20.23090696334839,9.194986,0.19181223213672638,16.95130660533905,7.128821659088135,0.1373300813138485
712,20.84740686416626,10.1949835,0.055634334683418274,16.901921820640563,7.107155005137126,0.13008682802319527
713,22.79478621482849,12.054985,0.096457339823246,17.466918849945067,7.5271545569101965,0.13113727321227392
714,19.61527991294861,11.009983,0.0783039852976799,18.04301631450653,8.060820659001669,0.12972902754942575
715,2.3315012454986572,-5.0,0.24986545741558075,17.59905424118042,7.70165425936381,0.13536596273382503
716,21.767181158065796,11.069983,0.038047973066568375,17.579751706123353,7.706820917129517,0.1336743035664161
717,22.791279554367065,12.064983,0.28187066316604614,18.071955506006876,8.13698705037435,0.13475511906047663
718,22.29705262184143,11.704983,0.1142592653632164,18.088095275561013,8.167987092336018,0.13022425187130768
719,17.38392734527588,9.464984,0.3640863001346588,17.926018834114075,8.097320493062337,0.13966346494853496
720,2.628546953201294,-4.94,0.0745900347828865,17.269895935058592,7.546154419581096,0.13941081476708253
721,12.072370529174805,4.689993,0.19221925735473633,16.928562410672505,7.313654724756876,0.13945650917788346
722,2.3313825130462646,-5.0,0.08966084569692612,16.263629897435507,6.784488662083944,0.13785141346355279
723,16.350661516189575,6.654991,0.12546133995056152,16.4212477684021,6.955321741104126,0.1389109202971061
724,19.93118405342102,11.284983,0.06285901367664337,16.66488579909007,7.175654681523641,0.1388973771284024
725,2.365255117416382,-5.0,0.06285901367664337,16.664917667706806,7.175654681523641,0.13888383395969867
726,22.26197099685669,10.304982,0.13264276087284088,16.986809611320496,7.344154342015584,0.14003523401916027
727,16.28505825996399,6.6249895,0.06456039100885391,17.452498269081115,7.731653992335001,0.13454326229790847
728,20.91356658935547,9.704984,0.041832879185676575,17.467506186167398,7.662487268447876,0.13487930732468764
729,22.92819857597351,11.419981,0.06746935099363327,18.154071140289307,8.209819968541463,0.1321440345297257
730,19.93118405342102,11.564985,0.10116507112979889,18.07081036567688,8.198653268814088,0.1322073806077242
731,2.3314526081085205,-5.0,0.11139952391386032,17.42419299284617,7.661820522944132,0.1324590088178714
732,22.2957923412323,10.754981,0.0641687884926796,17.424708350499472,7.656820503870646,0.13212114709119002
733,23.061960220336914,11.224989,0.039186712354421616,17.463060688972472,7.656653992335001,0.12735108112295468
734,22.36309814453125,11.694983,0.28511446714401245,17.48195167382558,7.678320646286011,0.12980695938070616
735,22.278312921524048,11.409981,0.18861551582813263,17.483582170804343,7.679153839747111,0.12814358000953993
736,8.891425848007202,-0.005001545,0.06716572493314743,17.037347547213237,7.278154373168945,0.12705287709832191
737,19.60403323173523,11.109983,0.25648990273475647,17.209042882919313,7.499987347920736,0.1325563371181488
738,2.3415939807891846,-5.0,0.21572256088256836,16.54552413622538,6.9544879277547205,0.13290298581123353
739,16.334845781326294,6.4499893,0.06081884726881981,16.34687863190969,6.777321497599284,0.13108166841169197
740,22.279351472854614,10.984981,0.3475496768951416,16.32801891962687,6.7564881324768065,0.1373963076621294
741,115.32466149330139,11.184984,0.07705388218164444,19.49781073729197,6.822821394602458,0.13357102933029333
742,58.81362247467041,5.3899937,0.048481184989213943,20.76335125764211,6.662655067443848,0.1333325910071532
743,22.328097820281982,10.744982,0.0687410831451416,20.747794977823894,6.618988291422526,0.1324087157845497
744,19.481343984603882,10.949982,0.0909854918718338,20.743330446879067,6.616988245646159,0.13283143267035485
745,2.3141391277313232,-4.92,0.08948022872209549,20.74275170962016,6.619654909769694,0.127485258380572
746,25.960481882095337,9.924983,0.05539010092616081,20.882528400421144,6.581488259633383,0.1280633293092251
747,22.345505475997925,11.354982,0.21084704995155334,20.867669264475506,6.557821559906006,0.12569587553540865
748,27.257466077804565,15.109989,0.389292448759079,21.033016379674276,6.671321773529053,0.13486364831527073
749,13.953353643417358,5.894993,0.06135841831564903,20.918663922945658,6.552322069803874,0.12477271892130375
750,2.365252733230591,-5.0,0.06135841831564903,20.909887448946634,6.550322071711222,0.1243316650390625
751,22.644822359085083,11.709982,0.45784083008766174,21.262302509943645,6.784321705500285,0.13318571746349334
752,16.251907110214233,5.899992,0.07667025923728943,21.726319996515908,7.14765477180481,0.1327526979148388
753,20.163559198379517,9.559985,0.15101595222949982,21.85341658592224,7.24448790550232,0.13360451832413672
754,22.3122501373291,11.304983,0.059646934270858765,21.932785455385844,7.245154587427775,0.13349744901061059
755,21.69694972038269,11.164984,0.2013276219367981,22.57717527548472,7.783987379074096,0.13811306928594907
756,22.28022050857544,11.174982,0.055602289736270905,22.577783592542012,7.812987375259399,0.13554505358139673
757,16.33335304260254,6.35499,0.08333658427000046,22.579393418629966,7.803987391789755,0.1361709266901016
758,22.32889175415039,11.674984,0.13597720861434937,22.62657092412313,7.869654067357382,0.13930907100439072
759,21.84600019454956,10.564984,0.09198541194200516,22.59049764474233,7.841154177983602,0.1401262730360031
760,22.29643201828003,11.634983,0.05903565511107445,22.669339243570963,7.843487437566122,0.1387219591687123
761,22.62765121459961,11.649981,0.0534619465470314,23.345879197120667,8.398486789067586,0.136790706589818
762,14.936614751815796,4.819994,0.09618587046861649,23.10057327747345,8.200653886795044,0.13785794265568257
763,22.912187814712524,11.419983,0.33670133352279663,23.095580863952637,8.207153685887654,0.1477750966946284
764,19.98085117340088,11.214983,0.28841182589530945,23.016172631581625,8.191153701146444,0.14788500865300497
765,2.2976057529449463,-4.92,0.04959840700030327,22.350149059295653,7.6468210061391195,0.14325110502541066
766,14.969008684158325,5.1849937,0.11504107713699341,22.552735153834025,7.819820849100749,0.1448469500988722
767,22.36246371269226,11.684982,0.0723097175359726,22.644682836532592,7.838987477620443,0.13870761059224607
768,22.778985500335693,11.919983,0.30785703659057617,23.325929220517477,8.402986907958985,0.14177875978251298
769,19.931952238082886,10.824983,0.12776224315166473,23.44583276907603,8.54882001876831,0.14401020631194114
770,2.331136465072632,-4.92,0.190294086933136,22.78089226881663,8.018653996785481,0.13876835331320764
771,21.928874731063843,10.819983,0.12990891933441162,19.667699376742046,8.006487274169922,0.14053018788496655
772,18.416313648223877,9.479982,0.42474308609962463,18.321122415860494,8.142820231119792,0.15307225125531357
773,2.3640434741973877,-5.0,0.42474308609962463,17.655653937657675,7.617987505594889,0.16493898468712967
774,19.06489849090576,8.9499855,0.25668731331825256,17.641772421201072,7.551320966084798,0.17046237873534362
775,19.615654706954956,11.199982,0.14108386635780334,18.21848960717519,8.0886536916097,0.1721824999898672
776,2.3307042121887207,-5.0,0.10830233991146088,17.430830351511638,7.591154257456462,0.17394624128937722
777,16.33496880531311,5.96999,0.08802014589309692,17.230479129155476,7.411654504140218,0.16985201115409534
778,6.509923219680786,-0.29000092,0.07546880841255188,16.538894367218017,6.898321501413981,0.15939122314254442
779,2.3307502269744873,-5.0,0.07993118464946747,16.151474253336588,6.535155073801676,0.16001031535367172
780,14.00412130355835,6.7549906,0.1483302265405655,16.53943653901418,6.926988093058268,0.16290937562783558
781,2.3141794204711914,-5.0,0.4857105314731598,15.861748441060383,6.369988695780436,0.16383836567401885
782,21.779725313186646,11.359983,0.11451616883277893,16.046009047826132,6.551988410949707,0.1650998959938685
783,16.334696769714355,6.5449905,0.10431784391403198,15.918380300203959,6.451488590240478,0.1635432923833529
784,22.879425048828125,12.169983,0.10746551305055618,15.93728613058726,6.480321915944417,0.16513724500934282
785,22.294676303863525,10.70498,0.22276857495307922,15.957210350036622,6.464988454182943,0.16585194344321888
786,19.915217876434326,11.424982,0.10043000429868698,15.87837692896525,6.473321787516276,0.1673462005952994
787,2.313866376876831,-4.92,0.05412660911679268,15.411060706774395,6.097488784790039,0.16637253475685915
788,23.078590631484985,12.079983,0.04758206754922867,15.436050669352214,6.110988744099935,0.16342603005468845
789,21.795984268188477,11.004982,0.04108288884162903,15.434383471806845,6.125655333201091,0.16172927928467593
790,19.49871563911438,11.284985,0.05574876070022583,15.34112625916799,6.113988717397054,0.16161971613764764
791,2.3138577938079834,-4.92,0.267161101102829,14.663999811808269,5.561656030019124,0.16874302128950755
792,22.71244239807129,11.574984,0.06196839362382889,14.923194066683452,5.7868223508199055,0.16760243872801464
793,19.531988620758057,11.084984,0.13824549317359924,14.810520760218303,5.775655714670817,0.16098724404970804
794,2.297750949859619,-4.92,0.1676047444343567,14.22108408610026,5.237822945912679,0.15696034133434295
795,15.037112474441528,5.3749924,0.3578408360481262,14.645734310150146,5.580989360809326,0.1672350889692704
796,21.794928312301636,10.919981,0.36681339144706726,14.87326496442159,5.77215560277303,0.17562749944627284
797,19.932016611099243,11.604982,0.0813944935798645,14.792250061035157,5.769488938649496,0.17593032531440259
798,2.313772439956665,-4.92,0.282650351524353,14.110076292355854,5.208156172434489,0.1750901024788618
799,19.980650663375854,11.4049835,0.3601650297641754,14.111699573198955,5.227489535013834,0.18283686203261215
800,2.3323349952697754,-5.0,0.0806528627872467,14.111739524205525,5.224822870890299,0.17918215456108252
801,22.728410243988037,11.764984,0.08319921046495438,14.138390707969666,5.256322924296061,0.17762516426543395
802,11.622289180755615,1.9949985,0.26762712001800537,13.911923225720724,5.006823460261027,0.17238796539604664
803,12.671823978424072,5.4199924,0.045809224247932434,14.255515909194946,5.354156541824341,0.1597568366676569
804,2.3302853107452393,-5.0,0.1130855605006218,13.697695469856262,4.889157025019328,0.15497011157373589
805,15.43862771987915,5.534992,0.3608476221561432,13.558461236953736,4.700324042638143,0.1622955701003472
806,14.033915996551514,5.7949944,0.051995351910591125,13.948568296432494,5.060157187779745,0.16041867050031822
807,2.330801248550415,-5.0,0.050775833427906036,13.481762711207072,4.6944908618927,0.15917719341814518
808,19.94851326942444,11.524982,0.31583932042121887,13.929715712865194,5.088323640823364,0.16718954381843407
809,2.3309812545776367,-5.0,0.18137973546981812,13.929723413785299,5.088323640823364,0.17057116217911245
810,22.7620849609375,11.479984,0.091788649559021,14.221655535697938,5.2458234310150145,0.1686864429463943
811,19.930631637573242,11.204983,0.07995318621397018,14.808870609601339,5.78598952293396,0.1551611981044213
812,2.332030773162842,-5.0,0.08701964467763901,14.160614124933879,5.240656741460165,0.15424464729924997
813,21.695904970169067,10.464982,0.22034181654453278,14.339321064949036,5.371323124567668,0.15811211305359998
814,21.82890224456787,10.434982,0.05642828345298767,14.304303638140361,5.313489770889282,0.15641087206701437
815,19.565483808517456,10.84998,0.04545498639345169,14.213330554962159,5.318323119481405,0.1505004191150268
816,2.3348119258880615,-5.0,0.4377341866493225,13.627317023277282,4.77082371711731,0.16174389186004798
817,19.944361925125122,11.274982,0.16111969947814941,14.215000208218893,5.310656468073527,0.16531032820542654
818,2.330470561981201,-5.0,0.08950190246105194,13.523396205902099,4.741323709487915,0.16670765603582063
819,22.330130577087402,10.864982,0.08423890918493271,13.541201082865397,4.736657031377157,0.1681461900472641
820,15.767826080322266,5.6799917,0.13292810320854187,13.416838097572327,4.54982393582662,0.1707188347975413
821,19.931275367736816,10.974981,0.6058676242828369,14.004085350036622,5.079656648635864,0.18200905223687489
822,2.348449230194092,-5.0,0.18369624018669128,13.325285577774048,4.527157195409139,0.18606664712230364
823,22.245312452316284,11.434984,0.10207260400056839,13.415729705492655,4.538823874791463,0.1848608841498693
824,20.51416826248169,11.0199795,0.04929046332836151,14.022943615913391,5.070156526565552,0.18091707477966945
825,2.2815237045288086,-5.0,0.04929046332836151,13.597757323582966,4.72432344754537,0.1706320623556773
826,14.419453620910645,4.444992,0.10312534868717194,13.351908167203268,4.508490482966105,0.16184246093034743
827,22.91166090965271,12.019983,0.09034286439418793,13.451229643821716,4.522323846817017,0.16214073995749156
828,26.94198179244995,15.684988,0.16305063664913177,14.272169955571492,5.209156783421834,0.1581540827949842
829,22.228956937789917,11.504986,0.15107275545597076,14.34711349805196,5.2124901930491125,0.15118434031804404
830,21.745436429977417,10.759984,0.0874098613858223,14.994216879208883,5.737822993596395,0.1514095736046632
831,21.946110010147095,11.259983,0.1444045752286911,14.968140204747518,5.720989624659221,0.1534497524301211
832,16.07101345062256,5.90499,0.11620571464300156,15.116431013743084,5.851322682698568,0.14840237225095432
833,20.16201877593994,8.939984,0.05535724759101868,15.366104173660279,5.9686557451883955,0.14872063969572386
834,12.155208349227905,4.5049925,0.4880881905555725,15.693601608276367,6.285488828023275,0.16122072736422222
835,2.3150389194488525,-4.92,0.3471507430076599,15.256148648262023,5.936989084879557,0.16076416472593943
836,12.104591131210327,4.604994,0.11549672484397888,15.191837819417318,5.89732240041097,0.16288087715705235
837,2.365243911743164,-5.0,0.11549672484397888,15.19298590819041,5.89732240041097,0.16503824020425478
838,20.181334733963013,11.139982,0.06790261715650558,15.200746623675029,5.884489059448242,0.15677368342876435
839,2.3644254207611084,-5.0,0.06790261715650558,15.201861429214478,5.884489059448242,0.1529911128183206
840,12.054840564727783,4.7149925,0.2692418098449707,14.844953282674153,5.658989334106446,0.15890621816118558
841,2.33310604095459,-5.0,0.2340577393770218,14.258369096120198,5.1188232421875,0.16404303659995398
842,20.06339716911316,9.529984,0.11749117821455002,14.849414642651876,5.603156057993571,0.16505875438451767
843,22.54407835006714,11.439983,0.04363683983683586,14.877687088648479,5.6356561024983725,0.1591685884942611
844,21.79739236831665,11.114983,0.10286407917737961,14.876636759440105,5.658322779337565,0.16071644835174084
845,16.26815414428711,6.34999,0.25308114290237427,14.766725770632426,5.508323097229004,0.1676373202353716
846,21.845651149749756,11.554983,0.10275432467460632,15.417087078094482,6.060155868530273,0.15647132483621437
847,20.047810554504395,8.649985,0.04250938072800636,15.420535365740458,5.972655963897705,0.15251764754454294
848,14.502676963806152,4.4699936,0.07290220260620117,15.826275579134624,6.288322416941325,0.1519643242160479
849,22.298442840576172,11.584986,0.18932871520519257,15.825219321250916,6.312322552998861,0.1554673177500566
850,22.3430917263031,11.324984,0.17242959141731262,16.04439484278361,6.500488948822022,0.15678403402368227
851,22.295675039291382,11.384987,0.04666560888290405,16.123208165168762,6.514155801137289,0.13814396684368452
852,12.038835048675537,4.5949945,0.0710054561495781,16.446221025784812,6.833988952636719,0.13438760737578073
853,2.3150951862335205,-4.92,0.3241823613643646,15.781880450248718,6.2888228098551435,0.14179126595457395
854,16.36765217781067,5.774991,0.07519950717687607,15.643663247426352,6.113989861806234,0.14265490074952444
855,19.464637517929077,10.469986,0.08250278979539871,16.216433707873026,6.6296560605367025,0.14376197829842569
856,2.3312482833862305,-5.0,0.06138661876320839,15.813493529955545,6.314822991689046,0.14237068730096022
857,29236.681634902954,16.884987,0.03860333561897278,989.605825996399,6.476989777882894,0.14064603634178638
858,26.644753456115723,14.494991,0.1383296549320221,989.5959183851878,6.437323220570883,0.13982200361788272
859,12.119184732437134,4.244994,0.09861446917057037,989.2589259783427,6.195323499043782,0.13807339407503605
860,2.331475019454956,-5.0,0.16249608993530273,988.6117939313252,5.669990698496501,0.14057626836001874
861,16.284536600112915,6.7549896,0.04576174542307854,988.4230748176575,5.519824250539144,0.13728817403316498
862,20.015462398529053,11.504982,0.055692315101623535,988.5545564492544,5.706490643819174,0.13527106071511905
863,2.3297226428985596,-5.0,0.22435590624809265,987.960146578153,5.2418244997660315,0.1409043493370215
864,22.295702934265137,11.524982,0.05451589450240135,988.2981630643209,5.475824165344238,0.12645193946858246
865,22.261986255645752,11.744984,0.31238076090812683,988.9630613088608,6.031323623657227,0.1252929400652647
866,22.312767267227173,11.704983,0.06833259761333466,989.303333846728,6.267989921569824,0.1237208024909099
867,21.729872703552246,10.68498,0.13397321105003357,989.9488214731216,6.790822601318359,0.12433668536444505
868,19.93137001991272,10.854981,0.07374446094036102,989.9404893159866,6.781322574615478,0.12453141349057356
869,2.313918113708496,-5.0,0.15617308020591736,989.9388057390848,6.781322574615478,0.1274737622588873
870,12.373186349868774,5.3899927,0.2856399118900299,989.9494172652562,6.803822580973307,0.12802036566038927
871,3.3957464694976807,-5.0,0.5032768249511719,989.9848386128743,6.803822580973307,0.1369943351795276
872,24.161207675933838,14.789989,0.08011829853057861,990.121432296435,6.979156080881754,0.13574857252339523
873,2.3333687782287598,-5.0,0.08893465250730515,989.4477419773738,6.431156635284424,0.13725849961241085
874,22.24367332458496,11.664986,0.058671582490205765,989.4626180092494,6.449490070343018,0.13578541638950506
875,16.38401198387146,6.1699915,0.0915500596165657,989.4664799372355,6.443490123748779,0.13040104694664478
876,20.15089774131775,9.379986,0.0746283233165741,989.4099881569545,6.370990212758382,0.1294635135680437
877,19.52889084815979,11.714983,0.15317964553833008,989.3926908334096,6.473156801859537,0.1331525223950545
878,2.314892292022705,-5.0,0.07543416321277618,988.9864313443502,6.157490348815918,0.13323692108194032
879,11.604821920394897,2.4199967,0.25265878438949585,988.6299773136775,5.851990715662638,0.13534792338808377
880,21.8635675907135,11.429983,0.487540066242218,988.6139931758245,5.855490700403849,0.1458516058822473
881,19.963913679122925,11.26498,0.11516455560922623,988.5362677971522,5.8514904816945394,0.14813490410645802
882,2.3651392459869385,-5.0,0.11516455560922623,988.2138112703959,5.531657330195109,0.1496068740884463
883,6.410034418106079,-2.6,0.05164724960923195,988.3503092447917,5.608990669250488,0.14052237036327522
884,13.054354190826416,5.489993,0.3932913541793823,988.2398659785589,5.599490737915039,0.15112543193002542
885,2.365769863128662,-5.0,0.3932913541793823,987.6699037233989,5.083824539184571,0.16148505074282488
886,22.594178676605225,11.684982,0.18275386095046997,988.3453347365062,5.639990615844726,0.16553062548240025
887,22.012930393218994,11.269983,0.13747218251228333,14.52304458618164,5.452823829650879,0.16882625371217727
888,21.979047536849976,10.959985,0.23207618296146393,14.367521055539449,5.334990278879801,0.17195113797982534
889,22.046006441116333,10.854983,0.11289997398853302,14.698415112495422,5.555323251088461,0.17242732147375742
890,22.32957172393799,11.449984,0.1508617103099823,15.36501833597819,6.103656037648519,0.17203950881958008
891,14.456413269042969,4.2049932,0.18423059582710266,15.304080891609193,6.018656158447266,0.17665513716638087
892,22.27534770965576,11.564985,0.04132029414176941,15.379410401980083,6.020656267801921,0.1761760698010524
893,21.746238470077515,10.634984,0.04860444739460945,16.02662759621938,6.541822401682536,0.17031768783926965
894,14.403908967971802,4.8399935,0.03454243764281273,15.763567797342937,6.318989435831706,0.16965190594395002
